 ⨯ Error: Cannot find module './276.js'
Require stack:
- C:\Users\Lenovo\Desktop\socratic-tutor-react\.next\server\webpack-runtime.js
- C:\Users\Lenovo\Desktop\socratic-tutor-react\.next\server\app\_not-found\page.js
- C:\Users\Lenovo\Desktop\socratic-tutor-react\node_modules\next\dist\server\require.js
- C:\Users\Lenovo\Desktop\socratic-tutor-react\node_modules\next\dist\server\load-components.js
- C:\Users\Lenovo\Desktop\socratic-tutor-react\node_modules\next\dist\build\utils.js
- C:\Users\Lenovo\Desktop\socratic-tutor-react\node_modules\next\dist\server\dev\hot-middleware.js
- C:\Users\Lenovo\Desktop\socratic-tutor-react\node_modules\next\dist\server\dev\hot-reloader-webpack.js
- C:\Users\Lenovo\Desktop\socratic-tutor-react\node_modules\next\dist\server\lib\router-utils\setup-dev-bundler.js
- C:\Users\Lenovo\Desktop\socratic-tutor-react\node_modules\next\dist\server\lib\router-server.js
- C:\Users\Lenovo\Desktop\socratic-tutor-react\node_modules\next\dist\server\lib\start-server.js
    at Module.<anonymous> (node:internal/modules/cjs/loader:1517:15)
    at C:\Users\Lenovo\Desktop\socratic-tutor-react\node_modules\next\dist\server\require-hook.js:55:36
    at wrapResolveFilename (node:internal/modules/cjs/loader:1071:27)
    at defaultResolveImplForCJSLoading (node:internal/modules/cjs/loader:1095:10)
    at resolveForCJSWithHooks (node:internal/modules/cjs/loader:1122:12)
    at Module._load (node:internal/modules/cjs/loader:1294:5)
    at wrapModuleLoad (node:internal/modules/cjs/loader:255:19)
    at Module.<anonymous> (node:internal/modules/cjs/loader:1617:12)
    at mod.require (C:\Users\Lenovo\Desktop\socratic-tutor-react\node_modules\next\dist\server\require-hook.js:65:28)
    at require (node:internal/modules/helpers:153:16)
    at __webpack_require__.f.require (C:\Users\Lenovo\Desktop\socratic-tutor-react\.next\server\webpack-runtime.js:198:28)
    at C:\Users\Lenovo\Desktop\socratic-tutor-react\.next\server\webpack-runtime.js:111:40
    at Array.reduce (<anonymous>)
    at __webpack_require__.e (C:\Users\Lenovo\Desktop\socratic-tutor-react\.next\server\webpack-runtime.js:110:67)
    at Array.map (<anonymous>)
    at __webpack_require__.X (C:\Users\Lenovo\Desktop\socratic-tutor-react\.next\server\webpack-runtime.js:162:22)
    at C:\Users\Lenovo\Desktop\socratic-tutor-react\.next\server\app\tasks\[taskId]\page.js:1:93727
    at Object.<anonymous> (C:\Users\Lenovo\Desktop\socratic-tutor-react\.next\server\app\tasks\[taskId]\page.js:1:93788)
    at Module._compile (node:internal/modules/cjs/loader:1871:14)
    at Object..js (node:internal/modules/cjs/loader:2002:10)
    at Module.load (node:internal/modules/cjs/loader:1594:32)
    at Module._load (node:internal/modules/cjs/loader:1396:12)
    at wrapModuleLoad (node:internal/modules/cjs/loader:255:19)
    at Module.<anonymous> (node:internal/modules/cjs/loader:1617:12)
    at mod.require (C:\Users\Lenovo\Desktop\socratic-tutor-react\node_modules\next\dist\server\require-hook.js:65:28)
    at require (node:internal/modules/helpers:153:16)
    at requirePage (C:\Users\Lenovo\Desktop\socratic-tutor-react\node_modules\next\dist\server\require.js:109:84)
    at C:\Users\Lenovo\Desktop\socratic-tutor-react\node_modules\next\dist\server\load-components.js:103:84
    at async loadComponentsImpl (C:\Users\Lenovo\Desktop\socratic-tutor-react\node_modules\next\dist\server\load-components.js:103:26)
    at async DevServer.findPageComponentsImpl (C:\Users\Lenovo\Desktop\socratic-tutor-react\node_modules\next\dist\server\next-server.js:714:36)
    at async DevServer.findPageComponents (C:\Users\Lenovo\Desktop\socratic-tutor-react\node_modules\next\dist\server\dev\next-dev-server.js:577:20)
    at async DevServer.renderPageComponent (C:\Users\Lenovo\Desktop\socratic-tutor-react\node_modules\next\dist\server\base-server.js:1910:24)
    at async DevServer.renderToResponseImpl (C:\Users\Lenovo\Desktop\socratic-tutor-react\node_modules\next\dist\server\base-server.js:1962:32)
    at async DevServer.pipeImpl (C:\Users\Lenovo\Desktop\socratic-tutor-react\node_modules\next\dist\server\base-server.js:922:25)
    at async NextNodeServer.handleCatchallRenderRequest (C:\Users\Lenovo\Desktop\socratic-tutor-react\node_modules\next\dist\server\next-server.js:272:17)
    at async DevServer.handleRequestImpl (C:\Users\Lenovo\Desktop\socratic-tutor-react\node_modules\next\dist\server\base-server.js:818:17)
    at async C:\Users\Lenovo\Desktop\socratic-tutor-react\node_modules\next\dist\server\dev\next-dev-server.js:339:20
    at async Span.traceAsyncFn (C:\Users\Lenovo\Desktop\socratic-tutor-react\node_modules\next\dist\trace\trace.js:154:20)
    at async DevServer.handleRequest (C:\Users\Lenovo\Desktop\socratic-tutor-react\node_modules\next\dist\server\dev\next-dev-server.js:336:24)
    at async invokeRender (C:\Users\Lenovo\Desktop\socratic-tutor-react\node_modules\next\dist\server\lib\router-server.js:179:21)
    at async handleRequest (C:\Users\Lenovo\Desktop\socratic-tutor-react\node_modules\next\dist\server\lib\router-server.js:359:24)
    at async requestHandlerImpl (C:\Users\Lenovo\Desktop\socratic-tutor-react\node_modules\next\dist\server\lib\router-server.js:383:13)
    at async Server.requestListener (C:\Users\Lenovo\Desktop\socratic-tutor-react\node_modules\next\dist\server\lib\start-server.js:141:13) {
  code: 'MODULE_NOT_FOUND',
  requireStack: [
    'C:\\Users\\Lenovo\\Desktop\\socratic-tutor-react\\.next\\server\\webpack-runtime.js',
    'C:\\Users\\Lenovo\\Desktop\\socratic-tutor-react\\.next\\server\\app\\_not-found\\page.js',
    'C:\\Users\\Lenovo\\Desktop\\socratic-tutor-react\\node_modules\\next\\dist\\server\\require.js',
    'C:\\Users\\Lenovo\\Desktop\\socratic-tutor-react\\node_modules\\next\\dist\\server\\load-components.js',
    'C:\\Users\\Lenovo\\Desktop\\socratic-tutor-react\\node_modules\\next\\dist\\build\\utils.js',
    'C:\\Users\\Lenovo\\Desktop\\socratic-tutor-react\\node_modules\\next\\dist\\server\\dev\\hot-middleware.js',
    'C:\\Users\\Lenovo\\Desktop\\socratic-tutor-react\\node_modules\\next\\dist\\server\\dev\\hot-reloader-webpack.js',
    'C:\\Users\\Lenovo\\Desktop\\socratic-tutor-react\\node_modules\\next\\dist\\server\\lib\\router-utils\\setup-dev-bundler.js',
    'C:\\Users\\Lenovo\\Desktop\\socratic-tutor-react\\node_modules\\next\\dist\\server\\lib\\router-server.js',
    'C:\\Users\\Lenovo\\Desktop\\socratic-tutor-react\\node_modules\\next\\dist\\server\\lib\\start-server.js'
  ],
  page: '/tasks/qb-find-maximum'
}
 ⨯ Error: Cannot find module './276.js'
Require stack:
- C:\Users\Lenovo\Desktop\socratic-tutor-react\.next\server\webpack-runtime.js
- C:\Users\Lenovo\Desktop\socratic-tutor-react\.next\server\app\page.js
- C:\Users\Lenovo\Desktop\socratic-tutor-react\node_modules\next\dist\server\require.js
- C:\Users\Lenovo\Desktop\socratic-tutor-react\node_modules\next\dist\server\load-components.js
- C:\Users\Lenovo\Desktop\socratic-tutor-react\node_modules\next\dist\build\utils.js
- C:\Users\Lenovo\Desktop\socratic-tutor-react\node_modules\next\dist\server\dev\hot-middleware.js
- C:\Users\Lenovo\Desktop\socratic-tutor-react\node_modules\next\dist\server\dev\hot-reloader-webpack.js
- C:\Users\Lenovo\Desktop\socratic-tutor-react\node_modules\next\dist\server\lib\router-utils\setup-dev-bundler.js
- C:\Users\Lenovo\Desktop\socratic-tutor-react\node_modules\next\dist\server\lib\router-server.js
- C:\Users\Lenovo\Desktop\socratic-tutor-react\node_modules\next\dist\server\lib\start-server.js
    at Module.<anonymous> (node:internal/modules/cjs/loader:1517:15)
    at C:\Users\Lenovo\Desktop\socratic-tutor-react\node_modules\next\dist\server\require-hook.js:55:36
    at wrapResolveFilename (node:internal/modules/cjs/loader:1071:27)
    at defaultResolveImplForCJSLoading (node:internal/modules/cjs/loader:1095:10)
    at resolveForCJSWithHooks (node:internal/modules/cjs/loader:1122:12)
    at Module._load (node:internal/modules/cjs/loader:1294:5)
    at wrapModuleLoad (node:internal/modules/cjs/loader:255:19)
    at Module.<anonymous> (node:internal/modules/cjs/loader:1617:12)
    at mod.require (C:\Users\Lenovo\Desktop\socratic-tutor-react\node_modules\next\dist\server\require-hook.js:65:28)
    at require (node:internal/modules/helpers:153:16)
    at __webpack_require__.f.require (C:\Users\Lenovo\Desktop\socratic-tutor-react\.next\server\webpack-runtime.js:198:28)
    at C:\Users\Lenovo\Desktop\socratic-tutor-react\.next\server\webpack-runtime.js:111:40
    at Array.reduce (<anonymous>)
    at __webpack_require__.e (C:\Users\Lenovo\Desktop\socratic-tutor-react\.next\server\webpack-runtime.js:110:67)
    at Array.map (<anonymous>)
    at __webpack_require__.X (C:\Users\Lenovo\Desktop\socratic-tutor-react\.next\server\webpack-runtime.js:162:22)
    at C:\Users\Lenovo\Desktop\socratic-tutor-react\.next\server\app\login\page.js:1:12213
    at Object.<anonymous> (C:\Users\Lenovo\Desktop\socratic-tutor-react\.next\server\app\login\page.js:1:12274)
    at Module._compile (node:internal/modules/cjs/loader:1871:14)
    at Object..js (node:internal/modules/cjs/loader:2002:10)
    at Module.load (node:internal/modules/cjs/loader:1594:32)
    at Module._load (node:internal/modules/cjs/loader:1396:12)
    at wrapModuleLoad (node:internal/modules/cjs/loader:255:19)
    at Module.<anonymous> (node:internal/modules/cjs/loader:1617:12)
    at mod.require (C:\Users\Lenovo\Desktop\socratic-tutor-react\node_modules\next\dist\server\require-hook.js:65:28)
    at require (node:internal/modules/helpers:153:16)
    at requirePage (C:\Users\Lenovo\Desktop\socratic-tutor-react\node_modules\next\dist\server\require.js:109:84)
    at C:\Users\Lenovo\Desktop\socratic-tutor-react\node_modules\next\dist\server\load-components.js:103:84
    at async loadComponentsImpl (C:\Users\Lenovo\Desktop\socratic-tutor-react\node_modules\next\dist\server\load-components.js:103:26)
    at async DevServer.findPageComponentsImpl (C:\Users\Lenovo\Desktop\socratic-tutor-react\node_modules\next\dist\server\next-server.js:714:36)
    at async DevServer.findPageComponents (C:\Users\Lenovo\Desktop\socratic-tutor-react\node_modules\next\dist\server\dev\next-dev-server.js:577:20)
    at async DevServer.renderPageComponent (C:\Users\Lenovo\Desktop\socratic-tutor-react\node_modules\next\dist\server\base-server.js:1910:24)
    at async DevServer.renderToResponseImpl (C:\Users\Lenovo\Desktop\socratic-tutor-react\node_modules\next\dist\server\base-server.js:1962:32)
    at async DevServer.pipeImpl (C:\Users\Lenovo\Desktop\socratic-tutor-react\node_modules\next\dist\server\base-server.js:922:25)
    at async NextNodeServer.handleCatchallRenderRequest (C:\Users\Lenovo\Desktop\socratic-tutor-react\node_modules\next\dist\server\next-server.js:272:17)
    at async DevServer.handleRequestImpl (C:\Users\Lenovo\Desktop\socratic-tutor-react\node_modules\next\dist\server\base-server.js:818:17)
    at async C:\Users\Lenovo\Desktop\socratic-tutor-react\node_modules\next\dist\server\dev\next-dev-server.js:339:20
    at async Span.traceAsyncFn (C:\Users\Lenovo\Desktop\socratic-tutor-react\node_modules\next\dist\trace\trace.js:154:20)
    at async DevServer.handleRequest (C:\Users\Lenovo\Desktop\socratic-tutor-react\node_modules\next\dist\server\dev\next-dev-server.js:336:24)
    at async invokeRender (C:\Users\Lenovo\Desktop\socratic-tutor-react\node_modules\next\dist\server\lib\router-server.js:179:21)
    at async handleRequest (C:\Users\Lenovo\Desktop\socratic-tutor-react\node_modules\next\dist\server\lib\router-server.js:359:24)
    at async requestHandlerImpl (C:\Users\Lenovo\Desktop\socratic-tutor-react\node_modules\next\dist\server\lib\router-server.js:383:13)
    at async Server.requestListener (C:\Users\Lenovo\Desktop\socratic-tutor-react\node_modules\next\dist\server\lib\start-server.js:141:13) {
  code: 'MODULE_NOT_FOUND',
  requireStack: [
    'C:\\Users\\Lenovo\\Desktop\\socratic-tutor-react\\.next\\server\\webpack-runtime.js',
    'C:\\Users\\Lenovo\\Desktop\\socratic-tutor-react\\.next\\server\\app\\page.js',
    'C:\\Users\\Lenovo\\Desktop\\socratic-tutor-react\\node_modules\\next\\dist\\server\\require.js',
    'C:\\Users\\Lenovo\\Desktop\\socratic-tutor-react\\node_modules\\next\\dist\\server\\load-components.js',
    'C:\\Users\\Lenovo\\Desktop\\socratic-tutor-react\\node_modules\\next\\dist\\build\\utils.js',
    'C:\\Users\\Lenovo\\Desktop\\socratic-tutor-react\\node_modules\\next\\dist\\server\\dev\\hot-middleware.js',
    'C:\\Users\\Lenovo\\Desktop\\socratic-tutor-react\\node_modules\\next\\dist\\server\\dev\\hot-reloader-webpack.js',
    'C:\\Users\\Lenovo\\Desktop\\socratic-tutor-react\\node_modules\\next\\dist\\server\\lib\\router-utils\\setup-dev-bundler.js',
    'C:\\Users\\Lenovo\\Desktop\\socratic-tutor-react\\node_modules\\next\\dist\\server\\lib\\router-server.js',
    'C:\\Users\\Lenovo\\Desktop\\socratic-tutor-react\\node_modules\\next\\dist\\server\\lib\\start-server.js'
  ],
  page: '/login'
}
 ⨯ Error: Cannot find module './276.js'
Require stack:
- C:\Users\Lenovo\Desktop\socratic-tutor-react\.next\server\webpack-runtime.js
- C:\Users\Lenovo\Desktop\socratic-tutor-react\.next\server\app\page.js
- C:\Users\Lenovo\Desktop\socratic-tutor-react\node_modules\next\dist\server\require.js
- C:\Users\Lenovo\Desktop\socratic-tutor-react\node_modules\next\dist\server\load-components.js
- C:\Users\Lenovo\Desktop\socratic-tutor-react\node_modules\next\dist\build\utils.js
- C:\Users\Lenovo\Desktop\socratic-tutor-react\node_modules\next\dist\server\dev\hot-middleware.js
- C:\Users\Lenovo\Desktop\socratic-tutor-react\node_modules\next\dist\server\dev\hot-reloader-webpack.js
- C:\Users\Lenovo\Desktop\socratic-tutor-react\node_modules\next\dist\server\lib\router-utils\setup-dev-bundler.js
- C:\Users\Lenovo\Desktop\socratic-tutor-react\node_modules\next\dist\server\lib\router-server.js
- C:\Users\Lenovo\Desktop\socratic-tutor-react\node_modules\next\dist\server\lib\start-server.js
    at Module.<anonymous> (node:internal/modules/cjs/loader:1517:15)
    at C:\Users\Lenovo\Desktop\socratic-tutor-react\node_modules\next\dist\server\require-hook.js:55:36
    at wrapResolveFilename (node:internal/modules/cjs/loader:1071:27)
    at defaultResolveImplForCJSLoading (node:internal/modules/cjs/loader:1095:10)
    at resolveForCJSWithHooks (node:internal/modules/cjs/loader:1122:12)
    at Module._load (node:internal/modules/cjs/loader:1294:5)
    at wrapModuleLoad (node:internal/modules/cjs/loader:255:19)
    at Module.<anonymous> (node:internal/modules/cjs/loader:1617:12)
    at mod.require (C:\Users\Lenovo\Desktop\socratic-tutor-react\node_modules\next\dist\server\require-hook.js:65:28)
    at require (node:internal/modules/helpers:153:16)
    at __webpack_require__.f.require (C:\Users\Lenovo\Desktop\socratic-tutor-react\.next\server\webpack-runtime.js:198:28)
    at C:\Users\Lenovo\Desktop\socratic-tutor-react\.next\server\webpack-runtime.js:111:40
    at Array.reduce (<anonymous>)
    at __webpack_require__.e (C:\Users\Lenovo\Desktop\socratic-tutor-react\.next\server\webpack-runtime.js:110:67)
    at Array.map (<anonymous>)
    at __webpack_require__.X (C:\Users\Lenovo\Desktop\socratic-tutor-react\.next\server\webpack-runtime.js:162:22)
    at C:\Users\Lenovo\Desktop\socratic-tutor-react\.next\server\app\login\page.js:1:12213
    at Object.<anonymous> (C:\Users\Lenovo\Desktop\socratic-tutor-react\.next\server\app\login\page.js:1:12274)
    at Module._compile (node:internal/modules/cjs/loader:1871:14)
    at Object..js (node:internal/modules/cjs/loader:2002:10)
    at Module.load (node:internal/modules/cjs/loader:1594:32)
    at Module._load (node:internal/modules/cjs/loader:1396:12)
    at wrapModuleLoad (node:internal/modules/cjs/loader:255:19)
    at Module.<anonymous> (node:internal/modules/cjs/loader:1617:12)
    at mod.require (C:\Users\Lenovo\Desktop\socratic-tutor-react\node_modules\next\dist\server\require-hook.js:65:28)
    at require (node:internal/modules/helpers:153:16)
    at requirePage (C:\Users\Lenovo\Desktop\socratic-tutor-react\node_modules\next\dist\server\require.js:109:84)
    at C:\Users\Lenovo\Desktop\socratic-tutor-react\node_modules\next\dist\server\load-components.js:103:84
    at async loadComponentsImpl (C:\Users\Lenovo\Desktop\socratic-tutor-react\node_modules\next\dist\server\load-components.js:103:26)
    at async DevServer.findPageComponentsImpl (C:\Users\Lenovo\Desktop\socratic-tutor-react\node_modules\next\dist\server\next-server.js:714:36)
    at async DevServer.findPageComponents (C:\Users\Lenovo\Desktop\socratic-tutor-react\node_modules\next\dist\server\dev\next-dev-server.js:577:20)
    at async DevServer.renderPageComponent (C:\Users\Lenovo\Desktop\socratic-tutor-react\node_modules\next\dist\server\base-server.js:1910:24)
    at async DevServer.renderToResponseImpl (C:\Users\Lenovo\Desktop\socratic-tutor-react\node_modules\next\dist\server\base-server.js:1962:32)
    at async DevServer.pipeImpl (C:\Users\Lenovo\Desktop\socratic-tutor-react\node_modules\next\dist\server\base-server.js:922:25)
    at async NextNodeServer.handleCatchallRenderRequest (C:\Users\Lenovo\Desktop\socratic-tutor-react\node_modules\next\dist\server\next-server.js:272:17)
    at async DevServer.handleRequestImpl (C:\Users\Lenovo\Desktop\socratic-tutor-react\node_modules\next\dist\server\base-server.js:818:17)
    at async C:\Users\Lenovo\Desktop\socratic-tutor-react\node_modules\next\dist\server\dev\next-dev-server.js:339:20
    at async Span.traceAsyncFn (C:\Users\Lenovo\Desktop\socratic-tutor-react\node_modules\next\dist\trace\trace.js:154:20)
    at async DevServer.handleRequest (C:\Users\Lenovo\Desktop\socratic-tutor-react\node_modules\next\dist\server\dev\next-dev-server.js:336:24)
    at async invokeRender (C:\Users\Lenovo\Desktop\socratic-tutor-react\node_modules\next\dist\server\lib\router-server.js:179:21)
    at async handleRequest (C:\Users\Lenovo\Desktop\socratic-tutor-react\node_modules\next\dist\server\lib\router-server.js:359:24)
    at async requestHandlerImpl (C:\Users\Lenovo\Desktop\socratic-tutor-react\node_modules\next\dist\server\lib\router-server.js:383:13)
    at async Server.requestListener (C:\Users\Lenovo\Desktop\socratic-tutor-react\node_modules\next\dist\server\lib\start-server.js:141:13) {
  code: 'MODULE_NOT_FOUND',
  requireStack: [
    'C:\\Users\\Lenovo\\Desktop\\socratic-tutor-react\\.next\\server\\webpack-runtime.js',
    'C:\\Users\\Lenovo\\Desktop\\socratic-tutor-react\\.next\\server\\app\\page.js',
    'C:\\Users\\Lenovo\\Desktop\\socratic-tutor-react\\node_modules\\next\\dist\\server\\require.js',
    'C:\\Users\\Lenovo\\Desktop\\socratic-tutor-react\\node_modules\\next\\dist\\server\\load-components.js',
    'C:\\Users\\Lenovo\\Desktop\\socratic-tutor-react\\node_modules\\next\\dist\\build\\utils.js',
    'C:\\Users\\Lenovo\\Desktop\\socratic-tutor-react\\node_modules\\next\\dist\\server\\dev\\hot-middleware.js',
    'C:\\Users\\Lenovo\\Desktop\\socratic-tutor-react\\node_modules\\next\\dist\\server\\dev\\hot-reloader-webpack.js',
    'C:\\Users\\Lenovo\\Desktop\\socratic-tutor-react\\node_modules\\next\\dist\\server\\lib\\router-utils\\setup-dev-bundler.js',
    'C:\\Users\\Lenovo\\Desktop\\socratic-tutor-react\\node_modules\\next\\dist\\server\\lib\\router-server.js',
    'C:\\Users\\Lenovo\\Desktop\\socratic-tutor-react\\node_modules\\next\\dist\\server\\lib\\start-server.js'
  ],
  page: '/login'
}
 ⨯ Error: Cannot find module './276.js'
Require stack:
- C:\Users\Lenovo\Desktop\socratic-tutor-react\.next\server\webpack-runtime.js
- C:\Users\Lenovo\Desktop\socratic-tutor-react\.next\server\app\page.js
- C:\Users\Lenovo\Desktop\socratic-tutor-react\node_modules\next\dist\server\require.js
- C:\Users\Lenovo\Desktop\socratic-tutor-react\node_modules\next\dist\server\load-components.js
- C:\Users\Lenovo\Desktop\socratic-tutor-react\node_modules\next\dist\build\utils.js
- C:\Users\Lenovo\Desktop\socratic-tutor-react\node_modules\next\dist\server\dev\hot-middleware.js
- C:\Users\Lenovo\Desktop\socratic-tutor-react\node_modules\next\dist\server\dev\hot-reloader-webpack.js
- C:\Users\Lenovo\Desktop\socratic-tutor-react\node_modules\next\dist\server\lib\router-utils\setup-dev-bundler.js
- C:\Users\Lenovo\Desktop\socratic-tutor-react\node_modules\next\dist\server\lib\router-server.js
- C:\Users\Lenovo\Desktop\socratic-tutor-react\node_modules\next\dist\server\lib\start-server.js
    at Module.<anonymous> (node:internal/modules/cjs/loader:1517:15)
    at C:\Users\Lenovo\Desktop\socratic-tutor-react\node_modules\next\dist\server\require-hook.js:55:36
    at wrapResolveFilename (node:internal/modules/cjs/loader:1071:27)
    at defaultResolveImplForCJSLoading (node:internal/modules/cjs/loader:1095:10)
    at resolveForCJSWithHooks (node:internal/modules/cjs/loader:1122:12)
    at Module._load (node:internal/modules/cjs/loader:1294:5)
    at wrapModuleLoad (node:internal/modules/cjs/loader:255:19)
    at Module.<anonymous> (node:internal/modules/cjs/loader:1617:12)
    at mod.require (C:\Users\Lenovo\Desktop\socratic-tutor-react\node_modules\next\dist\server\require-hook.js:65:28)
    at require (node:internal/modules/helpers:153:16)
    at __webpack_require__.f.require (C:\Users\Lenovo\Desktop\socratic-tutor-react\.next\server\webpack-runtime.js:198:28)
    at C:\Users\Lenovo\Desktop\socratic-tutor-react\.next\server\webpack-runtime.js:111:40
    at Array.reduce (<anonymous>)
    at __webpack_require__.e (C:\Users\Lenovo\Desktop\socratic-tutor-react\.next\server\webpack-runtime.js:110:67)
    at Array.map (<anonymous>)
    at __webpack_require__.X (C:\Users\Lenovo\Desktop\socratic-tutor-react\.next\server\webpack-runtime.js:162:22)
    at C:\Users\Lenovo\Desktop\socratic-tutor-react\.next\server\app\login\page.js:1:12213
    at Object.<anonymous> (C:\Users\Lenovo\Desktop\socratic-tutor-react\.next\server\app\login\page.js:1:12274)
    at Module._compile (node:internal/modules/cjs/loader:1871:14)
    at Object..js (node:internal/modules/cjs/loader:2002:10)
    at Module.load (node:internal/modules/cjs/loader:1594:32)
    at Module._load (node:internal/modules/cjs/loader:1396:12)
    at wrapModuleLoad (node:internal/modules/cjs/loader:255:19)
    at Module.<anonymous> (node:internal/modules/cjs/loader:1617:12)
    at mod.require (C:\Users\Lenovo\Desktop\socratic-tutor-react\node_modules\next\dist\server\require-hook.js:65:28)
    at require (node:internal/modules/helpers:153:16)
    at requirePage (C:\Users\Lenovo\Desktop\socratic-tutor-react\node_modules\next\dist\server\require.js:109:84)
    at C:\Users\Lenovo\Desktop\socratic-tutor-react\node_modules\next\dist\server\load-components.js:103:84
    at async loadComponentsImpl (C:\Users\Lenovo\Desktop\socratic-tutor-react\node_modules\next\dist\server\load-components.js:103:26)
    at async DevServer.findPageComponentsImpl (C:\Users\Lenovo\Desktop\socratic-tutor-react\node_modules\next\dist\server\next-server.js:714:36)
    at async DevServer.findPageComponents (C:\Users\Lenovo\Desktop\socratic-tutor-react\node_modules\next\dist\server\dev\next-dev-server.js:577:20)
    at async DevServer.renderPageComponent (C:\Users\Lenovo\Desktop\socratic-tutor-react\node_modules\next\dist\server\base-server.js:1910:24)
    at async DevServer.renderToResponseImpl (C:\Users\Lenovo\Desktop\socratic-tutor-react\node_modules\next\dist\server\base-server.js:1962:32)
    at async DevServer.pipeImpl (C:\Users\Lenovo\Desktop\socratic-tutor-react\node_modules\next\dist\server\base-server.js:922:25)
    at async NextNodeServer.handleCatchallRenderRequest (C:\Users\Lenovo\Desktop\socratic-tutor-react\node_modules\next\dist\server\next-server.js:272:17)
    at async DevServer.handleRequestImpl (C:\Users\Lenovo\Desktop\socratic-tutor-react\node_modules\next\dist\server\base-server.js:818:17)
    at async C:\Users\Lenovo\Desktop\socratic-tutor-react\node_modules\next\dist\server\dev\next-dev-server.js:339:20
    at async Span.traceAsyncFn (C:\Users\Lenovo\Desktop\socratic-tutor-react\node_modules\next\dist\trace\trace.js:154:20)
    at async DevServer.handleRequest (C:\Users\Lenovo\Desktop\socratic-tutor-react\node_modules\next\dist\server\dev\next-dev-server.js:336:24)
    at async invokeRender (C:\Users\Lenovo\Desktop\socratic-tutor-react\node_modules\next\dist\server\lib\router-server.js:179:21)
    at async handleRequest (C:\Users\Lenovo\Desktop\socratic-tutor-react\node_modules\next\dist\server\lib\router-server.js:359:24)
    at async requestHandlerImpl (C:\Users\Lenovo\Desktop\socratic-tutor-react\node_modules\next\dist\server\lib\router-server.js:383:13)
    at async Server.requestListener (C:\Users\Lenovo\Desktop\socratic-tutor-react\node_modules\next\dist\server\lib\start-server.js:141:13) {
  code: 'MODULE_NOT_FOUND',
  requireStack: [
    'C:\\Users\\Lenovo\\Desktop\\socratic-tutor-react\\.next\\server\\webpack-runtime.js',
    'C:\\Users\\Lenovo\\Desktop\\socratic-tutor-react\\.next\\server\\app\\page.js',
    'C:\\Users\\Lenovo\\Desktop\\socratic-tutor-react\\node_modules\\next\\dist\\server\\require.js',
    'C:\\Users\\Lenovo\\Desktop\\socratic-tutor-react\\node_modules\\next\\dist\\server\\load-components.js',
    'C:\\Users\\Lenovo\\Desktop\\socratic-tutor-react\\node_modules\\next\\dist\\build\\utils.js',
    'C:\\Users\\Lenovo\\Desktop\\socratic-tutor-react\\node_modules\\next\\dist\\server\\dev\\hot-middleware.js',
    'C:\\Users\\Lenovo\\Desktop\\socratic-tutor-react\\node_modules\\next\\dist\\server\\dev\\hot-reloader-webpack.js',
    'C:\\Users\\Lenovo\\Desktop\\socratic-tutor-react\\node_modules\\next\\dist\\server\\lib\\router-utils\\setup-dev-bundler.js',
    'C:\\Users\\Lenovo\\Desktop\\socratic-tutor-react\\node_modules\\next\\dist\\server\\lib\\router-server.js',
    'C:\\Users\\Lenovo\\Desktop\\socratic-tutor-react\\node_modules\\next\\dist\\server\\lib\\start-server.js'
  ],
  page: '/login'
}
 ⨯ Error: Cannot find module './276.js'
Require stack:
- C:\Users\Lenovo\Desktop\socratic-tutor-react\.next\server\webpack-runtime.js
- C:\Users\Lenovo\Desktop\socratic-tutor-react\.next\server\app\page.js
- C:\Users\Lenovo\Desktop\socratic-tutor-react\node_modules\next\dist\server\require.js
- C:\Users\Lenovo\Desktop\socratic-tutor-react\node_modules\next\dist\server\load-components.js
- C:\Users\Lenovo\Desktop\socratic-tutor-react\node_modules\next\dist\build\utils.js
- C:\Users\Lenovo\Desktop\socratic-tutor-react\node_modules\next\dist\server\dev\hot-middleware.js
- C:\Users\Lenovo\Desktop\socratic-tutor-react\node_modules\next\dist\server\dev\hot-reloader-webpack.js
- C:\Users\Lenovo\Desktop\socratic-tutor-react\node_modules\next\dist\server\lib\router-utils\setup-dev-bundler.js
- C:\Users\Lenovo\Desktop\socratic-tutor-react\node_modules\next\dist\server\lib\router-server.js
- C:\Users\Lenovo\Desktop\socratic-tutor-react\node_modules\next\dist\server\lib\start-server.js
    at Module.<anonymous> (node:internal/modules/cjs/loader:1517:15)
    at C:\Users\Lenovo\Desktop\socratic-tutor-react\node_modules\next\dist\server\require-hook.js:55:36
    at wrapResolveFilename (node:internal/modules/cjs/loader:1071:27)
    at defaultResolveImplForCJSLoading (node:internal/modules/cjs/loader:1095:10)
    at resolveForCJSWithHooks (node:internal/modules/cjs/loader:1122:12)
    at Module._load (node:internal/modules/cjs/loader:1294:5)
    at wrapModuleLoad (node:internal/modules/cjs/loader:255:19)
    at Module.<anonymous> (node:internal/modules/cjs/loader:1617:12)
    at mod.require (C:\Users\Lenovo\Desktop\socratic-tutor-react\node_modules\next\dist\server\require-hook.js:65:28)
    at require (node:internal/modules/helpers:153:16)
    at __webpack_require__.f.require (C:\Users\Lenovo\Desktop\socratic-tutor-react\.next\server\webpack-runtime.js:198:28)
    at C:\Users\Lenovo\Desktop\socratic-tutor-react\.next\server\webpack-runtime.js:111:40
    at Array.reduce (<anonymous>)
    at __webpack_require__.e (C:\Users\Lenovo\Desktop\socratic-tutor-react\.next\server\webpack-runtime.js:110:67)
    at Array.map (<anonymous>)
    at __webpack_require__.X (C:\Users\Lenovo\Desktop\socratic-tutor-react\.next\server\webpack-runtime.js:162:22)
    at C:\Users\Lenovo\Desktop\socratic-tutor-react\.next\server\app\login\page.js:1:12213
    at Object.<anonymous> (C:\Users\Lenovo\Desktop\socratic-tutor-react\.next\server\app\login\page.js:1:12274)
    at Module._compile (node:internal/modules/cjs/loader:1871:14)
    at Object..js (node:internal/modules/cjs/loader:2002:10)
    at Module.load (node:internal/modules/cjs/loader:1594:32)
    at Module._load (node:internal/modules/cjs/loader:1396:12)
    at wrapModuleLoad (node:internal/modules/cjs/loader:255:19)
    at Module.<anonymous> (node:internal/modules/cjs/loader:1617:12)
    at mod.require (C:\Users\Lenovo\Desktop\socratic-tutor-react\node_modules\next\dist\server\require-hook.js:65:28)
    at require (node:internal/modules/helpers:153:16)
    at requirePage (C:\Users\Lenovo\Desktop\socratic-tutor-react\node_modules\next\dist\server\require.js:109:84)
    at C:\Users\Lenovo\Desktop\socratic-tutor-react\node_modules\next\dist\server\load-components.js:103:84
    at async loadComponentsImpl (C:\Users\Lenovo\Desktop\socratic-tutor-react\node_modules\next\dist\server\load-components.js:103:26)
    at async DevServer.findPageComponentsImpl (C:\Users\Lenovo\Desktop\socratic-tutor-react\node_modules\next\dist\server\next-server.js:714:36)
    at async DevServer.findPageComponents (C:\Users\Lenovo\Desktop\socratic-tutor-react\node_modules\next\dist\server\dev\next-dev-server.js:577:20)
    at async DevServer.renderPageComponent (C:\Users\Lenovo\Desktop\socratic-tutor-react\node_modules\next\dist\server\base-server.js:1910:24)
    at async DevServer.renderToResponseImpl (C:\Users\Lenovo\Desktop\socratic-tutor-react\node_modules\next\dist\server\base-server.js:1962:32)
    at async DevServer.pipeImpl (C:\Users\Lenovo\Desktop\socratic-tutor-react\node_modules\next\dist\server\base-server.js:922:25)
    at async NextNodeServer.handleCatchallRenderRequest (C:\Users\Lenovo\Desktop\socratic-tutor-react\node_modules\next\dist\server\next-server.js:272:17)
    at async DevServer.handleRequestImpl (C:\Users\Lenovo\Desktop\socratic-tutor-react\node_modules\next\dist\server\base-server.js:818:17)
    at async C:\Users\Lenovo\Desktop\socratic-tutor-react\node_modules\next\dist\server\dev\next-dev-server.js:339:20
    at async Span.traceAsyncFn (C:\Users\Lenovo\Desktop\socratic-tutor-react\node_modules\next\dist\trace\trace.js:154:20)
    at async DevServer.handleRequest (C:\Users\Lenovo\Desktop\socratic-tutor-react\node_modules\next\dist\server\dev\next-dev-server.js:336:24)
    at async invokeRender (C:\Users\Lenovo\Desktop\socratic-tutor-react\node_modules\next\dist\server\lib\router-server.js:179:21)
    at async handleRequest (C:\Users\Lenovo\Desktop\socratic-tutor-react\node_modules\next\dist\server\lib\router-server.js:359:24)
    at async requestHandlerImpl (C:\Users\Lenovo\Desktop\socratic-tutor-react\node_modules\next\dist\server\lib\router-server.js:383:13)
    at async Server.requestListener (C:\Users\Lenovo\Desktop\socratic-tutor-react\node_modules\next\dist\server\lib\start-server.js:141:13) {
  code: 'MODULE_NOT_FOUND',
  requireStack: [
    'C:\\Users\\Lenovo\\Desktop\\socratic-tutor-react\\.next\\server\\webpack-runtime.js',
    'C:\\Users\\Lenovo\\Desktop\\socratic-tutor-react\\.next\\server\\app\\page.js',
    'C:\\Users\\Lenovo\\Desktop\\socratic-tutor-react\\node_modules\\next\\dist\\server\\require.js',
    'C:\\Users\\Lenovo\\Desktop\\socratic-tutor-react\\node_modules\\next\\dist\\server\\load-components.js',
    'C:\\Users\\Lenovo\\Desktop\\socratic-tutor-react\\node_modules\\next\\dist\\build\\utils.js',
    'C:\\Users\\Lenovo\\Desktop\\socratic-tutor-react\\node_modules\\next\\dist\\server\\dev\\hot-middleware.js',
    'C:\\Users\\Lenovo\\Desktop\\socratic-tutor-react\\node_modules\\next\\dist\\server\\dev\\hot-reloader-webpack.js',
    'C:\\Users\\Lenovo\\Desktop\\socratic-tutor-react\\node_modules\\next\\dist\\server\\lib\\router-utils\\setup-dev-bundler.js',
    'C:\\Users\\Lenovo\\Desktop\\socratic-tutor-react\\node_modules\\next\\dist\\server\\lib\\router-server.js',
    'C:\\Users\\Lenovo\\Desktop\\socratic-tutor-react\\node_modules\\next\\dist\\server\\lib\\start-server.js'
  ],
  page: '/login'
}
 ⨯ Error: Cannot find module './276.js'
Require stack:
- C:\Users\Lenovo\Desktop\socratic-tutor-react\.next\server\webpack-runtime.js
- C:\Users\Lenovo\Desktop\socratic-tutor-react\.next\server\app\page.js
- C:\Users\Lenovo\Desktop\socratic-tutor-react\node_modules\next\dist\server\require.js
- C:\Users\Lenovo\Desktop\socratic-tutor-react\node_modules\next\dist\server\load-components.js
- C:\Users\Lenovo\Desktop\socratic-tutor-react\node_modules\next\dist\build\utils.js
- C:\Users\Lenovo\Desktop\socratic-tutor-react\node_modules\next\dist\server\dev\hot-middleware.js
- C:\Users\Lenovo\Desktop\socratic-tutor-react\node_modules\next\dist\server\dev\hot-reloader-webpack.js
- C:\Users\Lenovo\Desktop\socratic-tutor-react\node_modules\next\dist\server\lib\router-utils\setup-dev-bundler.js
- C:\Users\Lenovo\Desktop\socratic-tutor-react\node_modules\next\dist\server\lib\router-server.js
- C:\Users\Lenovo\Desktop\socratic-tutor-react\node_modules\next\dist\server\lib\start-server.js
    at Module.<anonymous> (node:internal/modules/cjs/loader:1517:15)
    at C:\Users\Lenovo\Desktop\socratic-tutor-react\node_modules\next\dist\server\require-hook.js:55:36
    at wrapResolveFilename (node:internal/modules/cjs/loader:1071:27)
    at defaultResolveImplForCJSLoading (node:internal/modules/cjs/loader:1095:10)
    at resolveForCJSWithHooks (node:internal/modules/cjs/loader:1122:12)
    at Module._load (node:internal/modules/cjs/loader:1294:5)
    at wrapModuleLoad (node:internal/modules/cjs/loader:255:19)
    at Module.<anonymous> (node:internal/modules/cjs/loader:1617:12)
    at mod.require (C:\Users\Lenovo\Desktop\socratic-tutor-react\node_modules\next\dist\server\require-hook.js:65:28)
    at require (node:internal/modules/helpers:153:16)
    at __webpack_require__.f.require (C:\Users\Lenovo\Desktop\socratic-tutor-react\.next\server\webpack-runtime.js:198:28)
    at C:\Users\Lenovo\Desktop\socratic-tutor-react\.next\server\webpack-runtime.js:111:40
    at Array.reduce (<anonymous>)
    at __webpack_require__.e (C:\Users\Lenovo\Desktop\socratic-tutor-react\.next\server\webpack-runtime.js:110:67)
    at Array.map (<anonymous>)
    at __webpack_require__.X (C:\Users\Lenovo\Desktop\socratic-tutor-react\.next\server\webpack-runtime.js:162:22)
    at C:\Users\Lenovo\Desktop\socratic-tutor-react\.next\server\app\login\page.js:1:12213
    at Object.<anonymous> (C:\Users\Lenovo\Desktop\socratic-tutor-react\.next\server\app\login\page.js:1:12274)
    at Module._compile (node:internal/modules/cjs/loader:1871:14)
    at Object..js (node:internal/modules/cjs/loader:2002:10)
    at Module.load (node:internal/modules/cjs/loader:1594:32)
    at Module._load (node:internal/modules/cjs/loader:1396:12)
    at wrapModuleLoad (node:internal/modules/cjs/loader:255:19)
    at Module.<anonymous> (node:internal/modules/cjs/loader:1617:12)
    at mod.require (C:\Users\Lenovo\Desktop\socratic-tutor-react\node_modules\next\dist\server\require-hook.js:65:28)
    at require (node:internal/modules/helpers:153:16)
    at requirePage (C:\Users\Lenovo\Desktop\socratic-tutor-react\node_modules\next\dist\server\require.js:109:84)
    at C:\Users\Lenovo\Desktop\socratic-tutor-react\node_modules\next\dist\server\load-components.js:103:84
    at async loadComponentsImpl (C:\Users\Lenovo\Desktop\socratic-tutor-react\node_modules\next\dist\server\load-components.js:103:26)
    at async DevServer.findPageComponentsImpl (C:\Users\Lenovo\Desktop\socratic-tutor-react\node_modules\next\dist\server\next-server.js:714:36)
    at async DevServer.findPageComponents (C:\Users\Lenovo\Desktop\socratic-tutor-react\node_modules\next\dist\server\dev\next-dev-server.js:577:20)
    at async DevServer.renderPageComponent (C:\Users\Lenovo\Desktop\socratic-tutor-react\node_modules\next\dist\server\base-server.js:1910:24)
    at async DevServer.renderToResponseImpl (C:\Users\Lenovo\Desktop\socratic-tutor-react\node_modules\next\dist\server\base-server.js:1962:32)
    at async DevServer.pipeImpl (C:\Users\Lenovo\Desktop\socratic-tutor-react\node_modules\next\dist\server\base-server.js:922:25)
    at async NextNodeServer.handleCatchallRenderRequest (C:\Users\Lenovo\Desktop\socratic-tutor-react\node_modules\next\dist\server\next-server.js:272:17)
    at async DevServer.handleRequestImpl (C:\Users\Lenovo\Desktop\socratic-tutor-react\node_modules\next\dist\server\base-server.js:818:17)
    at async C:\Users\Lenovo\Desktop\socratic-tutor-react\node_modules\next\dist\server\dev\next-dev-server.js:339:20
    at async Span.traceAsyncFn (C:\Users\Lenovo\Desktop\socratic-tutor-react\node_modules\next\dist\trace\trace.js:154:20)
    at async DevServer.handleRequest (C:\Users\Lenovo\Desktop\socratic-tutor-react\node_modules\next\dist\server\dev\next-dev-server.js:336:24)
    at async invokeRender (C:\Users\Lenovo\Desktop\socratic-tutor-react\node_modules\next\dist\server\lib\router-server.js:179:21)
    at async handleRequest (C:\Users\Lenovo\Desktop\socratic-tutor-react\node_modules\next\dist\server\lib\router-server.js:359:24)
    at async requestHandlerImpl (C:\Users\Lenovo\Desktop\socratic-tutor-react\node_modules\next\dist\server\lib\router-server.js:383:13)
    at async Server.requestListener (C:\Users\Lenovo\Desktop\socratic-tutor-react\node_modules\next\dist\server\lib\start-server.js:141:13) {
  code: 'MODULE_NOT_FOUND',
  requireStack: [
    'C:\\Users\\Lenovo\\Desktop\\socratic-tutor-react\\.next\\server\\webpack-runtime.js',
    'C:\\Users\\Lenovo\\Desktop\\socratic-tutor-react\\.next\\server\\app\\page.js',
    'C:\\Users\\Lenovo\\Desktop\\socratic-tutor-react\\node_modules\\next\\dist\\server\\require.js',
    'C:\\Users\\Lenovo\\Desktop\\socratic-tutor-react\\node_modules\\next\\dist\\server\\load-components.js',
    'C:\\Users\\Lenovo\\Desktop\\socratic-tutor-react\\node_modules\\next\\dist\\build\\utils.js',
    'C:\\Users\\Lenovo\\Desktop\\socratic-tutor-react\\node_modules\\next\\dist\\server\\dev\\hot-middleware.js',
    'C:\\Users\\Lenovo\\Desktop\\socratic-tutor-react\\node_modules\\next\\dist\\server\\dev\\hot-reloader-webpack.js',
    'C:\\Users\\Lenovo\\Desktop\\socratic-tutor-react\\node_modules\\next\\dist\\server\\lib\\router-utils\\setup-dev-bundler.js',
    'C:\\Users\\Lenovo\\Desktop\\socratic-tutor-react\\node_modules\\next\\dist\\server\\lib\\router-server.js',
    'C:\\Users\\Lenovo\\Desktop\\socratic-tutor-react\\node_modules\\next\\dist\\server\\lib\\start-server.js'
  ],
  page: '/login'
}
 ⨯ Error: Cannot find module './276.js'
Require stack:
- C:\Users\Lenovo\Desktop\socratic-tutor-react\.next\server\webpack-runtime.js
- C:\Users\Lenovo\Desktop\socratic-tutor-react\.next\server\app\page.js
- C:\Users\Lenovo\Desktop\socratic-tutor-react\node_modules\next\dist\server\require.js
- C:\Users\Lenovo\Desktop\socratic-tutor-react\node_modules\next\dist\server\load-components.js
- C:\Users\Lenovo\Desktop\socratic-tutor-react\node_modules\next\dist\build\utils.js
- C:\Users\Lenovo\Desktop\socratic-tutor-react\node_modules\next\dist\server\dev\hot-middleware.js
- C:\Users\Lenovo\Desktop\socratic-tutor-react\node_modules\next\dist\server\dev\hot-reloader-webpack.js
- C:\Users\Lenovo\Desktop\socratic-tutor-react\node_modules\next\dist\server\lib\router-utils\setup-dev-bundler.js
- C:\Users\Lenovo\Desktop\socratic-tutor-react\node_modules\next\dist\server\lib\router-server.js
- C:\Users\Lenovo\Desktop\socratic-tutor-react\node_modules\next\dist\server\lib\start-server.js
    at Module.<anonymous> (node:internal/modules/cjs/loader:1517:15)
    at C:\Users\Lenovo\Desktop\socratic-tutor-react\node_modules\next\dist\server\require-hook.js:55:36
    at wrapResolveFilename (node:internal/modules/cjs/loader:1071:27)
    at defaultResolveImplForCJSLoading (node:internal/modules/cjs/loader:1095:10)
    at resolveForCJSWithHooks (node:internal/modules/cjs/loader:1122:12)
    at Module._load (node:internal/modules/cjs/loader:1294:5)
    at wrapModuleLoad (node:internal/modules/cjs/loader:255:19)
    at Module.<anonymous> (node:internal/modules/cjs/loader:1617:12)
    at mod.require (C:\Users\Lenovo\Desktop\socratic-tutor-react\node_modules\next\dist\server\require-hook.js:65:28)
    at require (node:internal/modules/helpers:153:16)
    at __webpack_require__.f.require (C:\Users\Lenovo\Desktop\socratic-tutor-react\.next\server\webpack-runtime.js:198:28)
    at C:\Users\Lenovo\Desktop\socratic-tutor-react\.next\server\webpack-runtime.js:111:40
    at Array.reduce (<anonymous>)
    at __webpack_require__.e (C:\Users\Lenovo\Desktop\socratic-tutor-react\.next\server\webpack-runtime.js:110:67)
    at Array.map (<anonymous>)
    at __webpack_require__.X (C:\Users\Lenovo\Desktop\socratic-tutor-react\.next\server\webpack-runtime.js:162:22)
    at C:\Users\Lenovo\Desktop\socratic-tutor-react\.next\server\app\login\page.js:1:12213
    at Object.<anonymous> (C:\Users\Lenovo\Desktop\socratic-tutor-react\.next\server\app\login\page.js:1:12274)
    at Module._compile (node:internal/modules/cjs/loader:1871:14)
    at Object..js (node:internal/modules/cjs/loader:2002:10)
    at Module.load (node:internal/modules/cjs/loader:1594:32)
    at Module._load (node:internal/modules/cjs/loader:1396:12)
    at wrapModuleLoad (node:internal/modules/cjs/loader:255:19)
    at Module.<anonymous> (node:internal/modules/cjs/loader:1617:12)
    at mod.require (C:\Users\Lenovo\Desktop\socratic-tutor-react\node_modules\next\dist\server\require-hook.js:65:28)
    at require (node:internal/modules/helpers:153:16)
    at requirePage (C:\Users\Lenovo\Desktop\socratic-tutor-react\node_modules\next\dist\server\require.js:109:84)
    at C:\Users\Lenovo\Desktop\socratic-tutor-react\node_modules\next\dist\server\load-components.js:103:84
    at async loadComponentsImpl (C:\Users\Lenovo\Desktop\socratic-tutor-react\node_modules\next\dist\server\load-components.js:103:26)
    at async DevServer.findPageComponentsImpl (C:\Users\Lenovo\Desktop\socratic-tutor-react\node_modules\next\dist\server\next-server.js:714:36)
    at async DevServer.findPageComponents (C:\Users\Lenovo\Desktop\socratic-tutor-react\node_modules\next\dist\server\dev\next-dev-server.js:577:20)
    at async DevServer.renderPageComponent (C:\Users\Lenovo\Desktop\socratic-tutor-react\node_modules\next\dist\server\base-server.js:1910:24)
    at async DevServer.renderToResponseImpl (C:\Users\Lenovo\Desktop\socratic-tutor-react\node_modules\next\dist\server\base-server.js:1962:32)
    at async DevServer.pipeImpl (C:\Users\Lenovo\Desktop\socratic-tutor-react\node_modules\next\dist\server\base-server.js:922:25)
    at async NextNodeServer.handleCatchallRenderRequest (C:\Users\Lenovo\Desktop\socratic-tutor-react\node_modules\next\dist\server\next-server.js:272:17)
    at async DevServer.handleRequestImpl (C:\Users\Lenovo\Desktop\socratic-tutor-react\node_modules\next\dist\server\base-server.js:818:17)
    at async C:\Users\Lenovo\Desktop\socratic-tutor-react\node_modules\next\dist\server\dev\next-dev-server.js:339:20
    at async Span.traceAsyncFn (C:\Users\Lenovo\Desktop\socratic-tutor-react\node_modules\next\dist\trace\trace.js:154:20)
    at async DevServer.handleRequest (C:\Users\Lenovo\Desktop\socratic-tutor-react\node_modules\next\dist\server\dev\next-dev-server.js:336:24)
    at async invokeRender (C:\Users\Lenovo\Desktop\socratic-tutor-react\node_modules\next\dist\server\lib\router-server.js:179:21)
    at async handleRequest (C:\Users\Lenovo\Desktop\socratic-tutor-react\node_modules\next\dist\server\lib\router-server.js:359:24)
    at async requestHandlerImpl (C:\Users\Lenovo\Desktop\socratic-tutor-react\node_modules\next\dist\server\lib\router-server.js:383:13)
    at async Server.requestListener (C:\Users\Lenovo\Desktop\socratic-tutor-react\node_modules\next\dist\server\lib\start-server.js:141:13) {
  code: 'MODULE_NOT_FOUND',
  requireStack: [
    'C:\\Users\\Lenovo\\Desktop\\socratic-tutor-react\\.next\\server\\webpack-runtime.js',
    'C:\\Users\\Lenovo\\Desktop\\socratic-tutor-react\\.next\\server\\app\\page.js',
    'C:\\Users\\Lenovo\\Desktop\\socratic-tutor-react\\node_modules\\next\\dist\\server\\require.js',
    'C:\\Users\\Lenovo\\Desktop\\socratic-tutor-react\\node_modules\\next\\dist\\server\\load-components.js',
    'C:\\Users\\Lenovo\\Desktop\\socratic-tutor-react\\node_modules\\next\\dist\\build\\utils.js',
    'C:\\Users\\Lenovo\\Desktop\\socratic-tutor-react\\node_modules\\next\\dist\\server\\dev\\hot-middleware.js',
    'C:\\Users\\Lenovo\\Desktop\\socratic-tutor-react\\node_modules\\next\\dist\\server\\dev\\hot-reloader-webpack.js',
    'C:\\Users\\Lenovo\\Desktop\\socratic-tutor-react\\node_modules\\next\\dist\\server\\lib\\router-utils\\setup-dev-bundler.js',
    'C:\\Users\\Lenovo\\Desktop\\socratic-tutor-react\\node_modules\\next\\dist\\server\\lib\\router-server.js',
    'C:\\Users\\Lenovo\\Desktop\\socratic-tutor-react\\node_modules\\next\\dist\\server\\lib\\start-server.js'
  ],
  page: '/login'
}
 ⨯ Error: Cannot find module './276.js'
Require stack:
- C:\Users\Lenovo\Desktop\socratic-tutor-react\.next\server\webpack-runtime.js
- C:\Users\Lenovo\Desktop\socratic-tutor-react\.next\server\app\page.js
- C:\Users\Lenovo\Desktop\socratic-tutor-react\node_modules\next\dist\server\require.js
- C:\Users\Lenovo\Desktop\socratic-tutor-react\node_modules\next\dist\server\load-components.js
- C:\Users\Lenovo\Desktop\socratic-tutor-react\node_modules\next\dist\build\utils.js
- C:\Users\Lenovo\Desktop\socratic-tutor-react\node_modules\next\dist\server\dev\hot-middleware.js
- C:\Users\Lenovo\Desktop\socratic-tutor-react\node_modules\next\dist\server\dev\hot-reloader-webpack.js
- C:\Users\Lenovo\Desktop\socratic-tutor-react\node_modules\next\dist\server\lib\router-utils\setup-dev-bundler.js
- C:\Users\Lenovo\Desktop\socratic-tutor-react\node_modules\next\dist\server\lib\router-server.js
- C:\Users\Lenovo\Desktop\socratic-tutor-react\node_modules\next\dist\server\lib\start-server.js
    at Module.<anonymous> (node:internal/modules/cjs/loader:1517:15)
    at C:\Users\Lenovo\Desktop\socratic-tutor-react\node_modules\next\dist\server\require-hook.js:55:36
    at wrapResolveFilename (node:internal/modules/cjs/loader:1071:27)
    at defaultResolveImplForCJSLoading (node:internal/modules/cjs/loader:1095:10)
    at resolveForCJSWithHooks (node:internal/modules/cjs/loader:1122:12)
    at Module._load (node:internal/modules/cjs/loader:1294:5)
    at wrapModuleLoad (node:internal/modules/cjs/loader:255:19)
    at Module.<anonymous> (node:internal/modules/cjs/loader:1617:12)
    at mod.require (C:\Users\Lenovo\Desktop\socratic-tutor-react\node_modules\next\dist\server\require-hook.js:65:28)
    at require (node:internal/modules/helpers:153:16)
    at __webpack_require__.f.require (C:\Users\Lenovo\Desktop\socratic-tutor-react\.next\server\webpack-runtime.js:198:28)
    at C:\Users\Lenovo\Desktop\socratic-tutor-react\.next\server\webpack-runtime.js:111:40
    at Array.reduce (<anonymous>)
    at __webpack_require__.e (C:\Users\Lenovo\Desktop\socratic-tutor-react\.next\server\webpack-runtime.js:110:67)
    at Array.map (<anonymous>)
    at __webpack_require__.X (C:\Users\Lenovo\Desktop\socratic-tutor-react\.next\server\webpack-runtime.js:162:22)
    at C:\Users\Lenovo\Desktop\socratic-tutor-react\.next\server\app\login\page.js:1:12213
    at Object.<anonymous> (C:\Users\Lenovo\Desktop\socratic-tutor-react\.next\server\app\login\page.js:1:12274)
    at Module._compile (node:internal/modules/cjs/loader:1871:14)
    at Object..js (node:internal/modules/cjs/loader:2002:10)
    at Module.load (node:internal/modules/cjs/loader:1594:32)
    at Module._load (node:internal/modules/cjs/loader:1396:12)
    at wrapModuleLoad (node:internal/modules/cjs/loader:255:19)
    at Module.<anonymous> (node:internal/modules/cjs/loader:1617:12)
    at mod.require (C:\Users\Lenovo\Desktop\socratic-tutor-react\node_modules\next\dist\server\require-hook.js:65:28)
    at require (node:internal/modules/helpers:153:16)
    at requirePage (C:\Users\Lenovo\Desktop\socratic-tutor-react\node_modules\next\dist\server\require.js:109:84)
    at C:\Users\Lenovo\Desktop\socratic-tutor-react\node_modules\next\dist\server\load-components.js:103:84
    at async loadComponentsImpl (C:\Users\Lenovo\Desktop\socratic-tutor-react\node_modules\next\dist\server\load-components.js:103:26)
    at async DevServer.findPageComponentsImpl (C:\Users\Lenovo\Desktop\socratic-tutor-react\node_modules\next\dist\server\next-server.js:714:36)
    at async DevServer.findPageComponents (C:\Users\Lenovo\Desktop\socratic-tutor-react\node_modules\next\dist\server\dev\next-dev-server.js:577:20)
    at async DevServer.renderPageComponent (C:\Users\Lenovo\Desktop\socratic-tutor-react\node_modules\next\dist\server\base-server.js:1910:24)
    at async DevServer.renderToResponseImpl (C:\Users\Lenovo\Desktop\socratic-tutor-react\node_modules\next\dist\server\base-server.js:1962:32)
    at async DevServer.pipeImpl (C:\Users\Lenovo\Desktop\socratic-tutor-react\node_modules\next\dist\server\base-server.js:922:25)
    at async NextNodeServer.handleCatchallRenderRequest (C:\Users\Lenovo\Desktop\socratic-tutor-react\node_modules\next\dist\server\next-server.js:272:17)
    at async DevServer.handleRequestImpl (C:\Users\Lenovo\Desktop\socratic-tutor-react\node_modules\next\dist\server\base-server.js:818:17)
    at async C:\Users\Lenovo\Desktop\socratic-tutor-react\node_modules\next\dist\server\dev\next-dev-server.js:339:20
    at async Span.traceAsyncFn (C:\Users\Lenovo\Desktop\socratic-tutor-react\node_modules\next\dist\trace\trace.js:154:20)
    at async DevServer.handleRequest (C:\Users\Lenovo\Desktop\socratic-tutor-react\node_modules\next\dist\server\dev\next-dev-server.js:336:24)
    at async invokeRender (C:\Users\Lenovo\Desktop\socratic-tutor-react\node_modules\next\dist\server\lib\router-server.js:179:21)
    at async handleRequest (C:\Users\Lenovo\Desktop\socratic-tutor-react\node_modules\next\dist\server\lib\router-server.js:359:24)
    at async requestHandlerImpl (C:\Users\Lenovo\Desktop\socratic-tutor-react\node_modules\next\dist\server\lib\router-server.js:383:13)
    at async Server.requestListener (C:\Users\Lenovo\Desktop\socratic-tutor-react\node_modules\next\dist\server\lib\start-server.js:141:13) {
  code: 'MODULE_NOT_FOUND',
  requireStack: [
    'C:\\Users\\Lenovo\\Desktop\\socratic-tutor-react\\.next\\server\\webpack-runtime.js',
    'C:\\Users\\Lenovo\\Desktop\\socratic-tutor-react\\.next\\server\\app\\page.js',
    'C:\\Users\\Lenovo\\Desktop\\socratic-tutor-react\\node_modules\\next\\dist\\server\\require.js',
    'C:\\Users\\Lenovo\\Desktop\\socratic-tutor-react\\node_modules\\next\\dist\\server\\load-components.js',
    'C:\\Users\\Lenovo\\Desktop\\socratic-tutor-react\\node_modules\\next\\dist\\build\\utils.js',
    'C:\\Users\\Lenovo\\Desktop\\socratic-tutor-react\\node_modules\\next\\dist\\server\\dev\\hot-middleware.js',
    'C:\\Users\\Lenovo\\Desktop\\socratic-tutor-react\\node_modules\\next\\dist\\server\\dev\\hot-reloader-webpack.js',
    'C:\\Users\\Lenovo\\Desktop\\socratic-tutor-react\\node_modules\\next\\dist\\server\\lib\\router-utils\\setup-dev-bundler.js',
    'C:\\Users\\Lenovo\\Desktop\\socratic-tutor-react\\node_modules\\next\\dist\\server\\lib\\router-server.js',
    'C:\\Users\\Lenovo\\Desktop\\socratic-tutor-react\\node_modules\\next\\dist\\server\\lib\\start-server.js'
  ],
  page: '/login'
}
 ⨯ Error: Cannot find module './276.js'
Require stack:
- C:\Users\Lenovo\Desktop\socratic-tutor-react\.next\server\webpack-runtime.js
- C:\Users\Lenovo\Desktop\socratic-tutor-react\.next\server\app\page.js
- C:\Users\Lenovo\Desktop\socratic-tutor-react\node_modules\next\dist\server\require.js
- C:\Users\Lenovo\Desktop\socratic-tutor-react\node_modules\next\dist\server\load-components.js
- C:\Users\Lenovo\Desktop\socratic-tutor-react\node_modules\next\dist\build\utils.js
- C:\Users\Lenovo\Desktop\socratic-tutor-react\node_modules\next\dist\server\dev\hot-middleware.js
- C:\Users\Lenovo\Desktop\socratic-tutor-react\node_modules\next\dist\server\dev\hot-reloader-webpack.js
- C:\Users\Lenovo\Desktop\socratic-tutor-react\node_modules\next\dist\server\lib\router-utils\setup-dev-bundler.js
- C:\Users\Lenovo\Desktop\socratic-tutor-react\node_modules\next\dist\server\lib\router-server.js
- C:\Users\Lenovo\Desktop\socratic-tutor-react\node_modules\next\dist\server\lib\start-server.js
    at Module.<anonymous> (node:internal/modules/cjs/loader:1517:15)
    at C:\Users\Lenovo\Desktop\socratic-tutor-react\node_modules\next\dist\server\require-hook.js:55:36
    at wrapResolveFilename (node:internal/modules/cjs/loader:1071:27)
    at defaultResolveImplForCJSLoading (node:internal/modules/cjs/loader:1095:10)
    at resolveForCJSWithHooks (node:internal/modules/cjs/loader:1122:12)
    at Module._load (node:internal/modules/cjs/loader:1294:5)
    at wrapModuleLoad (node:internal/modules/cjs/loader:255:19)
    at Module.<anonymous> (node:internal/modules/cjs/loader:1617:12)
    at mod.require (C:\Users\Lenovo\Desktop\socratic-tutor-react\node_modules\next\dist\server\require-hook.js:65:28)
    at require (node:internal/modules/helpers:153:16)
    at __webpack_require__.f.require (C:\Users\Lenovo\Desktop\socratic-tutor-react\.next\server\webpack-runtime.js:198:28)
    at C:\Users\Lenovo\Desktop\socratic-tutor-react\.next\server\webpack-runtime.js:111:40
    at Array.reduce (<anonymous>)
    at __webpack_require__.e (C:\Users\Lenovo\Desktop\socratic-tutor-react\.next\server\webpack-runtime.js:110:67)
    at Array.map (<anonymous>)
    at __webpack_require__.X (C:\Users\Lenovo\Desktop\socratic-tutor-react\.next\server\webpack-runtime.js:162:22)
    at C:\Users\Lenovo\Desktop\socratic-tutor-react\.next\server\app\login\page.js:1:12213
    at Object.<anonymous> (C:\Users\Lenovo\Desktop\socratic-tutor-react\.next\server\app\login\page.js:1:12274)
    at Module._compile (node:internal/modules/cjs/loader:1871:14)
    at Object..js (node:internal/modules/cjs/loader:2002:10)
    at Module.load (node:internal/modules/cjs/loader:1594:32)
    at Module._load (node:internal/modules/cjs/loader:1396:12)
    at wrapModuleLoad (node:internal/modules/cjs/loader:255:19)
    at Module.<anonymous> (node:internal/modules/cjs/loader:1617:12)
    at mod.require (C:\Users\Lenovo\Desktop\socratic-tutor-react\node_modules\next\dist\server\require-hook.js:65:28)
    at require (node:internal/modules/helpers:153:16)
    at requirePage (C:\Users\Lenovo\Desktop\socratic-tutor-react\node_modules\next\dist\server\require.js:109:84)
    at C:\Users\Lenovo\Desktop\socratic-tutor-react\node_modules\next\dist\server\load-components.js:103:84
    at async loadComponentsImpl (C:\Users\Lenovo\Desktop\socratic-tutor-react\node_modules\next\dist\server\load-components.js:103:26)
    at async DevServer.findPageComponentsImpl (C:\Users\Lenovo\Desktop\socratic-tutor-react\node_modules\next\dist\server\next-server.js:714:36)
    at async DevServer.findPageComponents (C:\Users\Lenovo\Desktop\socratic-tutor-react\node_modules\next\dist\server\dev\next-dev-server.js:577:20)
    at async DevServer.renderPageComponent (C:\Users\Lenovo\Desktop\socratic-tutor-react\node_modules\next\dist\server\base-server.js:1910:24)
    at async DevServer.renderToResponseImpl (C:\Users\Lenovo\Desktop\socratic-tutor-react\node_modules\next\dist\server\base-server.js:1962:32)
    at async DevServer.pipeImpl (C:\Users\Lenovo\Desktop\socratic-tutor-react\node_modules\next\dist\server\base-server.js:922:25)
    at async NextNodeServer.handleCatchallRenderRequest (C:\Users\Lenovo\Desktop\socratic-tutor-react\node_modules\next\dist\server\next-server.js:272:17)
    at async DevServer.handleRequestImpl (C:\Users\Lenovo\Desktop\socratic-tutor-react\node_modules\next\dist\server\base-server.js:818:17)
    at async C:\Users\Lenovo\Desktop\socratic-tutor-react\node_modules\next\dist\server\dev\next-dev-server.js:339:20
    at async Span.traceAsyncFn (C:\Users\Lenovo\Desktop\socratic-tutor-react\node_modules\next\dist\trace\trace.js:154:20)
    at async DevServer.handleRequest (C:\Users\Lenovo\Desktop\socratic-tutor-react\node_modules\next\dist\server\dev\next-dev-server.js:336:24)
    at async invokeRender (C:\Users\Lenovo\Desktop\socratic-tutor-react\node_modules\next\dist\server\lib\router-server.js:179:21)
    at async handleRequest (C:\Users\Lenovo\Desktop\socratic-tutor-react\node_modules\next\dist\server\lib\router-server.js:359:24)
    at async requestHandlerImpl (C:\Users\Lenovo\Desktop\socratic-tutor-react\node_modules\next\dist\server\lib\router-server.js:383:13)
    at async Server.requestListener (C:\Users\Lenovo\Desktop\socratic-tutor-react\node_modules\next\dist\server\lib\start-server.js:141:13) {
  code: 'MODULE_NOT_FOUND',
  requireStack: [
    'C:\\Users\\Lenovo\\Desktop\\socratic-tutor-react\\.next\\server\\webpack-runtime.js',
    'C:\\Users\\Lenovo\\Desktop\\socratic-tutor-react\\.next\\server\\app\\page.js',
    'C:\\Users\\Lenovo\\Desktop\\socratic-tutor-react\\node_modules\\next\\dist\\server\\require.js',
    'C:\\Users\\Lenovo\\Desktop\\socratic-tutor-react\\node_modules\\next\\dist\\server\\load-components.js',
    'C:\\Users\\Lenovo\\Desktop\\socratic-tutor-react\\node_modules\\next\\dist\\build\\utils.js',
    'C:\\Users\\Lenovo\\Desktop\\socratic-tutor-react\\node_modules\\next\\dist\\server\\dev\\hot-middleware.js',
    'C:\\Users\\Lenovo\\Desktop\\socratic-tutor-react\\node_modules\\next\\dist\\server\\dev\\hot-reloader-webpack.js',
    'C:\\Users\\Lenovo\\Desktop\\socratic-tutor-react\\node_modules\\next\\dist\\server\\lib\\router-utils\\setup-dev-bundler.js',
    'C:\\Users\\Lenovo\\Desktop\\socratic-tutor-react\\node_modules\\next\\dist\\server\\lib\\router-server.js',
    'C:\\Users\\Lenovo\\Desktop\\socratic-tutor-react\\node_modules\\next\\dist\\server\\lib\\start-server.js'
  ],
  page: '/login'
}
 ⨯ Error: Cannot find module './276.js'
Require stack:
- C:\Users\Lenovo\Desktop\socratic-tutor-react\.next\server\webpack-runtime.js
- C:\Users\Lenovo\Desktop\socratic-tutor-react\.next\server\app\page.js
- C:\Users\Lenovo\Desktop\socratic-tutor-react\node_modules\next\dist\server\require.js
- C:\Users\Lenovo\Desktop\socratic-tutor-react\node_modules\next\dist\server\load-components.js
- C:\Users\Lenovo\Desktop\socratic-tutor-react\node_modules\next\dist\build\utils.js
- C:\Users\Lenovo\Desktop\socratic-tutor-react\node_modules\next\dist\server\dev\hot-middleware.js
- C:\Users\Lenovo\Desktop\socratic-tutor-react\node_modules\next\dist\server\dev\hot-reloader-webpack.js
- C:\Users\Lenovo\Desktop\socratic-tutor-react\node_modules\next\dist\server\lib\router-utils\setup-dev-bundler.js
- C:\Users\Lenovo\Desktop\socratic-tutor-react\node_modules\next\dist\server\lib\router-server.js
- C:\Users\Lenovo\Desktop\socratic-tutor-react\node_modules\next\dist\server\lib\start-server.js
    at Module.<anonymous> (node:internal/modules/cjs/loader:1517:15)
    at C:\Users\Lenovo\Desktop\socratic-tutor-react\node_modules\next\dist\server\require-hook.js:55:36
    at wrapResolveFilename (node:internal/modules/cjs/loader:1071:27)
    at defaultResolveImplForCJSLoading (node:internal/modules/cjs/loader:1095:10)
    at resolveForCJSWithHooks (node:internal/modules/cjs/loader:1122:12)
    at Module._load (node:internal/modules/cjs/loader:1294:5)
    at wrapModuleLoad (node:internal/modules/cjs/loader:255:19)
    at Module.<anonymous> (node:internal/modules/cjs/loader:1617:12)
    at mod.require (C:\Users\Lenovo\Desktop\socratic-tutor-react\node_modules\next\dist\server\require-hook.js:65:28)
    at require (node:internal/modules/helpers:153:16)
    at __webpack_require__.f.require (C:\Users\Lenovo\Desktop\socratic-tutor-react\.next\server\webpack-runtime.js:198:28)
    at C:\Users\Lenovo\Desktop\socratic-tutor-react\.next\server\webpack-runtime.js:111:40
    at Array.reduce (<anonymous>)
    at __webpack_require__.e (C:\Users\Lenovo\Desktop\socratic-tutor-react\.next\server\webpack-runtime.js:110:67)
    at Array.map (<anonymous>)
    at __webpack_require__.X (C:\Users\Lenovo\Desktop\socratic-tutor-react\.next\server\webpack-runtime.js:162:22)
    at C:\Users\Lenovo\Desktop\socratic-tutor-react\.next\server\app\login\page.js:1:12213
    at Object.<anonymous> (C:\Users\Lenovo\Desktop\socratic-tutor-react\.next\server\app\login\page.js:1:12274)
    at Module._compile (node:internal/modules/cjs/loader:1871:14)
    at Object..js (node:internal/modules/cjs/loader:2002:10)
    at Module.load (node:internal/modules/cjs/loader:1594:32)
    at Module._load (node:internal/modules/cjs/loader:1396:12)
    at wrapModuleLoad (node:internal/modules/cjs/loader:255:19)
    at Module.<anonymous> (node:internal/modules/cjs/loader:1617:12)
    at mod.require (C:\Users\Lenovo\Desktop\socratic-tutor-react\node_modules\next\dist\server\require-hook.js:65:28)
    at require (node:internal/modules/helpers:153:16)
    at requirePage (C:\Users\Lenovo\Desktop\socratic-tutor-react\node_modules\next\dist\server\require.js:109:84)
    at C:\Users\Lenovo\Desktop\socratic-tutor-react\node_modules\next\dist\server\load-components.js:103:84
    at async loadComponentsImpl (C:\Users\Lenovo\Desktop\socratic-tutor-react\node_modules\next\dist\server\load-components.js:103:26)
    at async DevServer.findPageComponentsImpl (C:\Users\Lenovo\Desktop\socratic-tutor-react\node_modules\next\dist\server\next-server.js:714:36)
    at async DevServer.findPageComponents (C:\Users\Lenovo\Desktop\socratic-tutor-react\node_modules\next\dist\server\dev\next-dev-server.js:577:20)
    at async DevServer.renderPageComponent (C:\Users\Lenovo\Desktop\socratic-tutor-react\node_modules\next\dist\server\base-server.js:1910:24)
    at async DevServer.renderToResponseImpl (C:\Users\Lenovo\Desktop\socratic-tutor-react\node_modules\next\dist\server\base-server.js:1962:32)
    at async DevServer.pipeImpl (C:\Users\Lenovo\Desktop\socratic-tutor-react\node_modules\next\dist\server\base-server.js:922:25)
    at async NextNodeServer.handleCatchallRenderRequest (C:\Users\Lenovo\Desktop\socratic-tutor-react\node_modules\next\dist\server\next-server.js:272:17)
    at async DevServer.handleRequestImpl (C:\Users\Lenovo\Desktop\socratic-tutor-react\node_modules\next\dist\server\base-server.js:818:17)
    at async C:\Users\Lenovo\Desktop\socratic-tutor-react\node_modules\next\dist\server\dev\next-dev-server.js:339:20
    at async Span.traceAsyncFn (C:\Users\Lenovo\Desktop\socratic-tutor-react\node_modules\next\dist\trace\trace.js:154:20)
    at async DevServer.handleRequest (C:\Users\Lenovo\Desktop\socratic-tutor-react\node_modules\next\dist\server\dev\next-dev-server.js:336:24)
    at async invokeRender (C:\Users\Lenovo\Desktop\socratic-tutor-react\node_modules\next\dist\server\lib\router-server.js:179:21)
    at async handleRequest (C:\Users\Lenovo\Desktop\socratic-tutor-react\node_modules\next\dist\server\lib\router-server.js:359:24)
    at async requestHandlerImpl (C:\Users\Lenovo\Desktop\socratic-tutor-react\node_modules\next\dist\server\lib\router-server.js:383:13)
    at async Server.requestListener (C:\Users\Lenovo\Desktop\socratic-tutor-react\node_modules\next\dist\server\lib\start-server.js:141:13) {
  code: 'MODULE_NOT_FOUND',
  requireStack: [
    'C:\\Users\\Lenovo\\Desktop\\socratic-tutor-react\\.next\\server\\webpack-runtime.js',
    'C:\\Users\\Lenovo\\Desktop\\socratic-tutor-react\\.next\\server\\app\\page.js',
    'C:\\Users\\Lenovo\\Desktop\\socratic-tutor-react\\node_modules\\next\\dist\\server\\require.js',
    'C:\\Users\\Lenovo\\Desktop\\socratic-tutor-react\\node_modules\\next\\dist\\server\\load-components.js',
    'C:\\Users\\Lenovo\\Desktop\\socratic-tutor-react\\node_modules\\next\\dist\\build\\utils.js',
    'C:\\Users\\Lenovo\\Desktop\\socratic-tutor-react\\node_modules\\next\\dist\\server\\dev\\hot-middleware.js',
    'C:\\Users\\Lenovo\\Desktop\\socratic-tutor-react\\node_modules\\next\\dist\\server\\dev\\hot-reloader-webpack.js',
    'C:\\Users\\Lenovo\\Desktop\\socratic-tutor-react\\node_modules\\next\\dist\\server\\lib\\router-utils\\setup-dev-bundler.js',
    'C:\\Users\\Lenovo\\Desktop\\socratic-tutor-react\\node_modules\\next\\dist\\server\\lib\\router-server.js',
    'C:\\Users\\Lenovo\\Desktop\\socratic-tutor-react\\node_modules\\next\\dist\\server\\lib\\start-server.js'
  ],
  page: '/login'
}
 ⨯ Error: Cannot find module './276.js'
Require stack:
- C:\Users\Lenovo\Desktop\socratic-tutor-react\.next\server\webpack-runtime.js
- C:\Users\Lenovo\Desktop\socratic-tutor-react\.next\server\app\page.js
- C:\Users\Lenovo\Desktop\socratic-tutor-react\node_modules\next\dist\server\require.js
- C:\Users\Lenovo\Desktop\socratic-tutor-react\node_modules\next\dist\server\load-components.js
- C:\Users\Lenovo\Desktop\socratic-tutor-react\node_modules\next\dist\build\utils.js
- C:\Users\Lenovo\Desktop\socratic-tutor-react\node_modules\next\dist\server\dev\hot-middleware.js
- C:\Users\Lenovo\Desktop\socratic-tutor-react\node_modules\next\dist\server\dev\hot-reloader-webpack.js
- C:\Users\Lenovo\Desktop\socratic-tutor-react\node_modules\next\dist\server\lib\router-utils\setup-dev-bundler.js
- C:\Users\Lenovo\Desktop\socratic-tutor-react\node_modules\next\dist\server\lib\router-server.js
- C:\Users\Lenovo\Desktop\socratic-tutor-react\node_modules\next\dist\server\lib\start-server.js
    at Module.<anonymous> (node:internal/modules/cjs/loader:1517:15)
    at C:\Users\Lenovo\Desktop\socratic-tutor-react\node_modules\next\dist\server\require-hook.js:55:36
    at wrapResolveFilename (node:internal/modules/cjs/loader:1071:27)
    at defaultResolveImplForCJSLoading (node:internal/modules/cjs/loader:1095:10)
    at resolveForCJSWithHooks (node:internal/modules/cjs/loader:1122:12)
    at Module._load (node:internal/modules/cjs/loader:1294:5)
    at wrapModuleLoad (node:internal/modules/cjs/loader:255:19)
    at Module.<anonymous> (node:internal/modules/cjs/loader:1617:12)
    at mod.require (C:\Users\Lenovo\Desktop\socratic-tutor-react\node_modules\next\dist\server\require-hook.js:65:28)
    at require (node:internal/modules/helpers:153:16)
    at __webpack_require__.f.require (C:\Users\Lenovo\Desktop\socratic-tutor-react\.next\server\webpack-runtime.js:198:28)
    at C:\Users\Lenovo\Desktop\socratic-tutor-react\.next\server\webpack-runtime.js:111:40
    at Array.reduce (<anonymous>)
    at __webpack_require__.e (C:\Users\Lenovo\Desktop\socratic-tutor-react\.next\server\webpack-runtime.js:110:67)
    at Array.map (<anonymous>)
    at __webpack_require__.X (C:\Users\Lenovo\Desktop\socratic-tutor-react\.next\server\webpack-runtime.js:162:22)
    at C:\Users\Lenovo\Desktop\socratic-tutor-react\.next\server\app\login\page.js:1:12213
    at Object.<anonymous> (C:\Users\Lenovo\Desktop\socratic-tutor-react\.next\server\app\login\page.js:1:12274)
    at Module._compile (node:internal/modules/cjs/loader:1871:14)
    at Object..js (node:internal/modules/cjs/loader:2002:10)
    at Module.load (node:internal/modules/cjs/loader:1594:32)
    at Module._load (node:internal/modules/cjs/loader:1396:12)
    at wrapModuleLoad (node:internal/modules/cjs/loader:255:19)
    at Module.<anonymous> (node:internal/modules/cjs/loader:1617:12)
    at mod.require (C:\Users\Lenovo\Desktop\socratic-tutor-react\node_modules\next\dist\server\require-hook.js:65:28)
    at require (node:internal/modules/helpers:153:16)
    at requirePage (C:\Users\Lenovo\Desktop\socratic-tutor-react\node_modules\next\dist\server\require.js:109:84)
    at C:\Users\Lenovo\Desktop\socratic-tutor-react\node_modules\next\dist\server\load-components.js:103:84
    at async loadComponentsImpl (C:\Users\Lenovo\Desktop\socratic-tutor-react\node_modules\next\dist\server\load-components.js:103:26)
    at async DevServer.findPageComponentsImpl (C:\Users\Lenovo\Desktop\socratic-tutor-react\node_modules\next\dist\server\next-server.js:714:36)
    at async DevServer.findPageComponents (C:\Users\Lenovo\Desktop\socratic-tutor-react\node_modules\next\dist\server\dev\next-dev-server.js:577:20)
    at async DevServer.renderPageComponent (C:\Users\Lenovo\Desktop\socratic-tutor-react\node_modules\next\dist\server\base-server.js:1910:24)
    at async DevServer.renderToResponseImpl (C:\Users\Lenovo\Desktop\socratic-tutor-react\node_modules\next\dist\server\base-server.js:1962:32)
    at async DevServer.pipeImpl (C:\Users\Lenovo\Desktop\socratic-tutor-react\node_modules\next\dist\server\base-server.js:922:25)
    at async NextNodeServer.handleCatchallRenderRequest (C:\Users\Lenovo\Desktop\socratic-tutor-react\node_modules\next\dist\server\next-server.js:272:17)
    at async DevServer.handleRequestImpl (C:\Users\Lenovo\Desktop\socratic-tutor-react\node_modules\next\dist\server\base-server.js:818:17)
    at async C:\Users\Lenovo\Desktop\socratic-tutor-react\node_modules\next\dist\server\dev\next-dev-server.js:339:20
    at async Span.traceAsyncFn (C:\Users\Lenovo\Desktop\socratic-tutor-react\node_modules\next\dist\trace\trace.js:154:20)
    at async DevServer.handleRequest (C:\Users\Lenovo\Desktop\socratic-tutor-react\node_modules\next\dist\server\dev\next-dev-server.js:336:24)
    at async invokeRender (C:\Users\Lenovo\Desktop\socratic-tutor-react\node_modules\next\dist\server\lib\router-server.js:179:21)
    at async handleRequest (C:\Users\Lenovo\Desktop\socratic-tutor-react\node_modules\next\dist\server\lib\router-server.js:359:24)
    at async requestHandlerImpl (C:\Users\Lenovo\Desktop\socratic-tutor-react\node_modules\next\dist\server\lib\router-server.js:383:13)
    at async Server.requestListener (C:\Users\Lenovo\Desktop\socratic-tutor-react\node_modules\next\dist\server\lib\start-server.js:141:13) {
  code: 'MODULE_NOT_FOUND',
  requireStack: [
    'C:\\Users\\Lenovo\\Desktop\\socratic-tutor-react\\.next\\server\\webpack-runtime.js',
    'C:\\Users\\Lenovo\\Desktop\\socratic-tutor-react\\.next\\server\\app\\page.js',
    'C:\\Users\\Lenovo\\Desktop\\socratic-tutor-react\\node_modules\\next\\dist\\server\\require.js',
    'C:\\Users\\Lenovo\\Desktop\\socratic-tutor-react\\node_modules\\next\\dist\\server\\load-components.js',
    'C:\\Users\\Lenovo\\Desktop\\socratic-tutor-react\\node_modules\\next\\dist\\build\\utils.js',
    'C:\\Users\\Lenovo\\Desktop\\socratic-tutor-react\\node_modules\\next\\dist\\server\\dev\\hot-middleware.js',
    'C:\\Users\\Lenovo\\Desktop\\socratic-tutor-react\\node_modules\\next\\dist\\server\\dev\\hot-reloader-webpack.js',
    'C:\\Users\\Lenovo\\Desktop\\socratic-tutor-react\\node_modules\\next\\dist\\server\\lib\\router-utils\\setup-dev-bundler.js',
    'C:\\Users\\Lenovo\\Desktop\\socratic-tutor-react\\node_modules\\next\\dist\\server\\lib\\router-server.js',
    'C:\\Users\\Lenovo\\Desktop\\socratic-tutor-react\\node_modules\\next\\dist\\server\\lib\\start-server.js'
  ],
  page: '/login'
}
 ⨯ Error: Cannot find module './276.js'
Require stack:
- C:\Users\Lenovo\Desktop\socratic-tutor-react\.next\server\webpack-runtime.js
- C:\Users\Lenovo\Desktop\socratic-tutor-react\.next\server\app\page.js
- C:\Users\Lenovo\Desktop\socratic-tutor-react\node_modules\next\dist\server\require.js
- C:\Users\Lenovo\Desktop\socratic-tutor-react\node_modules\next\dist\server\load-components.js
- C:\Users\Lenovo\Desktop\socratic-tutor-react\node_modules\next\dist\build\utils.js
- C:\Users\Lenovo\Desktop\socratic-tutor-react\node_modules\next\dist\server\dev\hot-middleware.js
- C:\Users\Lenovo\Desktop\socratic-tutor-react\node_modules\next\dist\server\dev\hot-reloader-webpack.js
- C:\Users\Lenovo\Desktop\socratic-tutor-react\node_modules\next\dist\server\lib\router-utils\setup-dev-bundler.js
- C:\Users\Lenovo\Desktop\socratic-tutor-react\node_modules\next\dist\server\lib\router-server.js
- C:\Users\Lenovo\Desktop\socratic-tutor-react\node_modules\next\dist\server\lib\start-server.js
    at Module.<anonymous> (node:internal/modules/cjs/loader:1517:15)
    at C:\Users\Lenovo\Desktop\socratic-tutor-react\node_modules\next\dist\server\require-hook.js:55:36
    at wrapResolveFilename (node:internal/modules/cjs/loader:1071:27)
    at defaultResolveImplForCJSLoading (node:internal/modules/cjs/loader:1095:10)
    at resolveForCJSWithHooks (node:internal/modules/cjs/loader:1122:12)
    at Module._load (node:internal/modules/cjs/loader:1294:5)
    at wrapModuleLoad (node:internal/modules/cjs/loader:255:19)
    at Module.<anonymous> (node:internal/modules/cjs/loader:1617:12)
    at mod.require (C:\Users\Lenovo\Desktop\socratic-tutor-react\node_modules\next\dist\server\require-hook.js:65:28)
    at require (node:internal/modules/helpers:153:16)
    at __webpack_require__.f.require (C:\Users\Lenovo\Desktop\socratic-tutor-react\.next\server\webpack-runtime.js:198:28)
    at C:\Users\Lenovo\Desktop\socratic-tutor-react\.next\server\webpack-runtime.js:111:40
    at Array.reduce (<anonymous>)
    at __webpack_require__.e (C:\Users\Lenovo\Desktop\socratic-tutor-react\.next\server\webpack-runtime.js:110:67)
    at Array.map (<anonymous>)
    at __webpack_require__.X (C:\Users\Lenovo\Desktop\socratic-tutor-react\.next\server\webpack-runtime.js:162:22)
    at C:\Users\Lenovo\Desktop\socratic-tutor-react\.next\server\app\login\page.js:1:12213
    at Object.<anonymous> (C:\Users\Lenovo\Desktop\socratic-tutor-react\.next\server\app\login\page.js:1:12274)
    at Module._compile (node:internal/modules/cjs/loader:1871:14)
    at Object..js (node:internal/modules/cjs/loader:2002:10)
    at Module.load (node:internal/modules/cjs/loader:1594:32)
    at Module._load (node:internal/modules/cjs/loader:1396:12)
    at wrapModuleLoad (node:internal/modules/cjs/loader:255:19)
    at Module.<anonymous> (node:internal/modules/cjs/loader:1617:12)
    at mod.require (C:\Users\Lenovo\Desktop\socratic-tutor-react\node_modules\next\dist\server\require-hook.js:65:28)
    at require (node:internal/modules/helpers:153:16)
    at requirePage (C:\Users\Lenovo\Desktop\socratic-tutor-react\node_modules\next\dist\server\require.js:109:84)
    at C:\Users\Lenovo\Desktop\socratic-tutor-react\node_modules\next\dist\server\load-components.js:103:84
    at async loadComponentsImpl (C:\Users\Lenovo\Desktop\socratic-tutor-react\node_modules\next\dist\server\load-components.js:103:26)
    at async DevServer.findPageComponentsImpl (C:\Users\Lenovo\Desktop\socratic-tutor-react\node_modules\next\dist\server\next-server.js:714:36)
    at async DevServer.findPageComponents (C:\Users\Lenovo\Desktop\socratic-tutor-react\node_modules\next\dist\server\dev\next-dev-server.js:577:20)
    at async DevServer.renderPageComponent (C:\Users\Lenovo\Desktop\socratic-tutor-react\node_modules\next\dist\server\base-server.js:1910:24)
    at async DevServer.renderToResponseImpl (C:\Users\Lenovo\Desktop\socratic-tutor-react\node_modules\next\dist\server\base-server.js:1962:32)
    at async DevServer.pipeImpl (C:\Users\Lenovo\Desktop\socratic-tutor-react\node_modules\next\dist\server\base-server.js:922:25)
    at async NextNodeServer.handleCatchallRenderRequest (C:\Users\Lenovo\Desktop\socratic-tutor-react\node_modules\next\dist\server\next-server.js:272:17)
    at async DevServer.handleRequestImpl (C:\Users\Lenovo\Desktop\socratic-tutor-react\node_modules\next\dist\server\base-server.js:818:17)
    at async C:\Users\Lenovo\Desktop\socratic-tutor-react\node_modules\next\dist\server\dev\next-dev-server.js:339:20
    at async Span.traceAsyncFn (C:\Users\Lenovo\Desktop\socratic-tutor-react\node_modules\next\dist\trace\trace.js:154:20)
    at async DevServer.handleRequest (C:\Users\Lenovo\Desktop\socratic-tutor-react\node_modules\next\dist\server\dev\next-dev-server.js:336:24)
    at async invokeRender (C:\Users\Lenovo\Desktop\socratic-tutor-react\node_modules\next\dist\server\lib\router-server.js:179:21)
    at async handleRequest (C:\Users\Lenovo\Desktop\socratic-tutor-react\node_modules\next\dist\server\lib\router-server.js:359:24)
    at async requestHandlerImpl (C:\Users\Lenovo\Desktop\socratic-tutor-react\node_modules\next\dist\server\lib\router-server.js:383:13)
    at async Server.requestListener (C:\Users\Lenovo\Desktop\socratic-tutor-react\node_modules\next\dist\server\lib\start-server.js:141:13) {
  code: 'MODULE_NOT_FOUND',
  requireStack: [
    'C:\\Users\\Lenovo\\Desktop\\socratic-tutor-react\\.next\\server\\webpack-runtime.js',
    'C:\\Users\\Lenovo\\Desktop\\socratic-tutor-react\\.next\\server\\app\\page.js',
    'C:\\Users\\Lenovo\\Desktop\\socratic-tutor-react\\node_modules\\next\\dist\\server\\require.js',
    'C:\\Users\\Lenovo\\Desktop\\socratic-tutor-react\\node_modules\\next\\dist\\server\\load-components.js',
    'C:\\Users\\Lenovo\\Desktop\\socratic-tutor-react\\node_modules\\next\\dist\\build\\utils.js',
    'C:\\Users\\Lenovo\\Desktop\\socratic-tutor-react\\node_modules\\next\\dist\\server\\dev\\hot-middleware.js',
    'C:\\Users\\Lenovo\\Desktop\\socratic-tutor-react\\node_modules\\next\\dist\\server\\dev\\hot-reloader-webpack.js',
    'C:\\Users\\Lenovo\\Desktop\\socratic-tutor-react\\node_modules\\next\\dist\\server\\lib\\router-utils\\setup-dev-bundler.js',
    'C:\\Users\\Lenovo\\Desktop\\socratic-tutor-react\\node_modules\\next\\dist\\server\\lib\\router-server.js',
    'C:\\Users\\Lenovo\\Desktop\\socratic-tutor-react\\node_modules\\next\\dist\\server\\lib\\start-server.js'
  ],
  page: '/login'
}
 ⨯ Error: Cannot find module './276.js'
Require stack:
- C:\Users\Lenovo\Desktop\socratic-tutor-react\.next\server\webpack-runtime.js
- C:\Users\Lenovo\Desktop\socratic-tutor-react\.next\server\app\page.js
- C:\Users\Lenovo\Desktop\socratic-tutor-react\node_modules\next\dist\server\require.js
- C:\Users\Lenovo\Desktop\socratic-tutor-react\node_modules\next\dist\server\load-components.js
- C:\Users\Lenovo\Desktop\socratic-tutor-react\node_modules\next\dist\build\utils.js
- C:\Users\Lenovo\Desktop\socratic-tutor-react\node_modules\next\dist\server\dev\hot-middleware.js
- C:\Users\Lenovo\Desktop\socratic-tutor-react\node_modules\next\dist\server\dev\hot-reloader-webpack.js
- C:\Users\Lenovo\Desktop\socratic-tutor-react\node_modules\next\dist\server\lib\router-utils\setup-dev-bundler.js
- C:\Users\Lenovo\Desktop\socratic-tutor-react\node_modules\next\dist\server\lib\router-server.js
- C:\Users\Lenovo\Desktop\socratic-tutor-react\node_modules\next\dist\server\lib\start-server.js
    at Module.<anonymous> (node:internal/modules/cjs/loader:1517:15)
    at C:\Users\Lenovo\Desktop\socratic-tutor-react\node_modules\next\dist\server\require-hook.js:55:36
    at wrapResolveFilename (node:internal/modules/cjs/loader:1071:27)
    at defaultResolveImplForCJSLoading (node:internal/modules/cjs/loader:1095:10)
    at resolveForCJSWithHooks (node:internal/modules/cjs/loader:1122:12)
    at Module._load (node:internal/modules/cjs/loader:1294:5)
    at wrapModuleLoad (node:internal/modules/cjs/loader:255:19)
    at Module.<anonymous> (node:internal/modules/cjs/loader:1617:12)
    at mod.require (C:\Users\Lenovo\Desktop\socratic-tutor-react\node_modules\next\dist\server\require-hook.js:65:28)
    at require (node:internal/modules/helpers:153:16)
    at __webpack_require__.f.require (C:\Users\Lenovo\Desktop\socratic-tutor-react\.next\server\webpack-runtime.js:198:28)
    at C:\Users\Lenovo\Desktop\socratic-tutor-react\.next\server\webpack-runtime.js:111:40
    at Array.reduce (<anonymous>)
    at __webpack_require__.e (C:\Users\Lenovo\Desktop\socratic-tutor-react\.next\server\webpack-runtime.js:110:67)
    at Array.map (<anonymous>)
    at __webpack_require__.X (C:\Users\Lenovo\Desktop\socratic-tutor-react\.next\server\webpack-runtime.js:162:22)
    at C:\Users\Lenovo\Desktop\socratic-tutor-react\.next\server\app\login\page.js:1:12213
    at Object.<anonymous> (C:\Users\Lenovo\Desktop\socratic-tutor-react\.next\server\app\login\page.js:1:12274)
    at Module._compile (node:internal/modules/cjs/loader:1871:14)
    at Object..js (node:internal/modules/cjs/loader:2002:10)
    at Module.load (node:internal/modules/cjs/loader:1594:32)
    at Module._load (node:internal/modules/cjs/loader:1396:12)
    at wrapModuleLoad (node:internal/modules/cjs/loader:255:19)
    at Module.<anonymous> (node:internal/modules/cjs/loader:1617:12)
    at mod.require (C:\Users\Lenovo\Desktop\socratic-tutor-react\node_modules\next\dist\server\require-hook.js:65:28)
    at require (node:internal/modules/helpers:153:16)
    at requirePage (C:\Users\Lenovo\Desktop\socratic-tutor-react\node_modules\next\dist\server\require.js:109:84)
    at C:\Users\Lenovo\Desktop\socratic-tutor-react\node_modules\next\dist\server\load-components.js:103:84
    at async loadComponentsImpl (C:\Users\Lenovo\Desktop\socratic-tutor-react\node_modules\next\dist\server\load-components.js:103:26)
    at async DevServer.findPageComponentsImpl (C:\Users\Lenovo\Desktop\socratic-tutor-react\node_modules\next\dist\server\next-server.js:714:36)
    at async DevServer.findPageComponents (C:\Users\Lenovo\Desktop\socratic-tutor-react\node_modules\next\dist\server\dev\next-dev-server.js:577:20)
    at async DevServer.renderPageComponent (C:\Users\Lenovo\Desktop\socratic-tutor-react\node_modules\next\dist\server\base-server.js:1910:24)
    at async DevServer.renderToResponseImpl (C:\Users\Lenovo\Desktop\socratic-tutor-react\node_modules\next\dist\server\base-server.js:1962:32)
    at async DevServer.pipeImpl (C:\Users\Lenovo\Desktop\socratic-tutor-react\node_modules\next\dist\server\base-server.js:922:25)
    at async NextNodeServer.handleCatchallRenderRequest (C:\Users\Lenovo\Desktop\socratic-tutor-react\node_modules\next\dist\server\next-server.js:272:17)
    at async DevServer.handleRequestImpl (C:\Users\Lenovo\Desktop\socratic-tutor-react\node_modules\next\dist\server\base-server.js:818:17)
    at async C:\Users\Lenovo\Desktop\socratic-tutor-react\node_modules\next\dist\server\dev\next-dev-server.js:339:20
    at async Span.traceAsyncFn (C:\Users\Lenovo\Desktop\socratic-tutor-react\node_modules\next\dist\trace\trace.js:154:20)
    at async DevServer.handleRequest (C:\Users\Lenovo\Desktop\socratic-tutor-react\node_modules\next\dist\server\dev\next-dev-server.js:336:24)
    at async invokeRender (C:\Users\Lenovo\Desktop\socratic-tutor-react\node_modules\next\dist\server\lib\router-server.js:179:21)
    at async handleRequest (C:\Users\Lenovo\Desktop\socratic-tutor-react\node_modules\next\dist\server\lib\router-server.js:359:24)
    at async requestHandlerImpl (C:\Users\Lenovo\Desktop\socratic-tutor-react\node_modules\next\dist\server\lib\router-server.js:383:13)
    at async Server.requestListener (C:\Users\Lenovo\Desktop\socratic-tutor-react\node_modules\next\dist\server\lib\start-server.js:141:13) {
  code: 'MODULE_NOT_FOUND',
  requireStack: [
    'C:\\Users\\Lenovo\\Desktop\\socratic-tutor-react\\.next\\server\\webpack-runtime.js',
    'C:\\Users\\Lenovo\\Desktop\\socratic-tutor-react\\.next\\server\\app\\page.js',
    'C:\\Users\\Lenovo\\Desktop\\socratic-tutor-react\\node_modules\\next\\dist\\server\\require.js',
    'C:\\Users\\Lenovo\\Desktop\\socratic-tutor-react\\node_modules\\next\\dist\\server\\load-components.js',
    'C:\\Users\\Lenovo\\Desktop\\socratic-tutor-react\\node_modules\\next\\dist\\build\\utils.js',
    'C:\\Users\\Lenovo\\Desktop\\socratic-tutor-react\\node_modules\\next\\dist\\server\\dev\\hot-middleware.js',
    'C:\\Users\\Lenovo\\Desktop\\socratic-tutor-react\\node_modules\\next\\dist\\server\\dev\\hot-reloader-webpack.js',
    'C:\\Users\\Lenovo\\Desktop\\socratic-tutor-react\\node_modules\\next\\dist\\server\\lib\\router-utils\\setup-dev-bundler.js',
    'C:\\Users\\Lenovo\\Desktop\\socratic-tutor-react\\node_modules\\next\\dist\\server\\lib\\router-server.js',
    'C:\\Users\\Lenovo\\Desktop\\socratic-tutor-react\\node_modules\\next\\dist\\server\\lib\\start-server.js'
  ],
  page: '/login'
}
 ⨯ Error: Cannot find module './276.js'
Require stack:
- C:\Users\Lenovo\Desktop\socratic-tutor-react\.next\server\webpack-runtime.js
- C:\Users\Lenovo\Desktop\socratic-tutor-react\.next\server\app\page.js
- C:\Users\Lenovo\Desktop\socratic-tutor-react\node_modules\next\dist\server\require.js
- C:\Users\Lenovo\Desktop\socratic-tutor-react\node_modules\next\dist\server\load-components.js
- C:\Users\Lenovo\Desktop\socratic-tutor-react\node_modules\next\dist\build\utils.js
- C:\Users\Lenovo\Desktop\socratic-tutor-react\node_modules\next\dist\server\dev\hot-middleware.js
- C:\Users\Lenovo\Desktop\socratic-tutor-react\node_modules\next\dist\server\dev\hot-reloader-webpack.js
- C:\Users\Lenovo\Desktop\socratic-tutor-react\node_modules\next\dist\server\lib\router-utils\setup-dev-bundler.js
- C:\Users\Lenovo\Desktop\socratic-tutor-react\node_modules\next\dist\server\lib\router-server.js
- C:\Users\Lenovo\Desktop\socratic-tutor-react\node_modules\next\dist\server\lib\start-server.js
    at Module.<anonymous> (node:internal/modules/cjs/loader:1517:15)
    at C:\Users\Lenovo\Desktop\socratic-tutor-react\node_modules\next\dist\server\require-hook.js:55:36
    at wrapResolveFilename (node:internal/modules/cjs/loader:1071:27)
    at defaultResolveImplForCJSLoading (node:internal/modules/cjs/loader:1095:10)
    at resolveForCJSWithHooks (node:internal/modules/cjs/loader:1122:12)
    at Module._load (node:internal/modules/cjs/loader:1294:5)
    at wrapModuleLoad (node:internal/modules/cjs/loader:255:19)
    at Module.<anonymous> (node:internal/modules/cjs/loader:1617:12)
    at mod.require (C:\Users\Lenovo\Desktop\socratic-tutor-react\node_modules\next\dist\server\require-hook.js:65:28)
    at require (node:internal/modules/helpers:153:16)
    at __webpack_require__.f.require (C:\Users\Lenovo\Desktop\socratic-tutor-react\.next\server\webpack-runtime.js:198:28)
    at C:\Users\Lenovo\Desktop\socratic-tutor-react\.next\server\webpack-runtime.js:111:40
    at Array.reduce (<anonymous>)
    at __webpack_require__.e (C:\Users\Lenovo\Desktop\socratic-tutor-react\.next\server\webpack-runtime.js:110:67)
    at Array.map (<anonymous>)
    at __webpack_require__.X (C:\Users\Lenovo\Desktop\socratic-tutor-react\.next\server\webpack-runtime.js:162:22)
    at C:\Users\Lenovo\Desktop\socratic-tutor-react\.next\server\app\login\page.js:1:12213
    at Object.<anonymous> (C:\Users\Lenovo\Desktop\socratic-tutor-react\.next\server\app\login\page.js:1:12274)
    at Module._compile (node:internal/modules/cjs/loader:1871:14)
    at Object..js (node:internal/modules/cjs/loader:2002:10)
    at Module.load (node:internal/modules/cjs/loader:1594:32)
    at Module._load (node:internal/modules/cjs/loader:1396:12)
    at wrapModuleLoad (node:internal/modules/cjs/loader:255:19)
    at Module.<anonymous> (node:internal/modules/cjs/loader:1617:12)
    at mod.require (C:\Users\Lenovo\Desktop\socratic-tutor-react\node_modules\next\dist\server\require-hook.js:65:28)
    at require (node:internal/modules/helpers:153:16)
    at requirePage (C:\Users\Lenovo\Desktop\socratic-tutor-react\node_modules\next\dist\server\require.js:109:84)
    at C:\Users\Lenovo\Desktop\socratic-tutor-react\node_modules\next\dist\server\load-components.js:103:84
    at async loadComponentsImpl (C:\Users\Lenovo\Desktop\socratic-tutor-react\node_modules\next\dist\server\load-components.js:103:26)
    at async DevServer.findPageComponentsImpl (C:\Users\Lenovo\Desktop\socratic-tutor-react\node_modules\next\dist\server\next-server.js:714:36)
    at async DevServer.findPageComponents (C:\Users\Lenovo\Desktop\socratic-tutor-react\node_modules\next\dist\server\dev\next-dev-server.js:577:20)
    at async DevServer.renderPageComponent (C:\Users\Lenovo\Desktop\socratic-tutor-react\node_modules\next\dist\server\base-server.js:1910:24)
    at async DevServer.renderToResponseImpl (C:\Users\Lenovo\Desktop\socratic-tutor-react\node_modules\next\dist\server\base-server.js:1962:32)
    at async DevServer.pipeImpl (C:\Users\Lenovo\Desktop\socratic-tutor-react\node_modules\next\dist\server\base-server.js:922:25)
    at async NextNodeServer.handleCatchallRenderRequest (C:\Users\Lenovo\Desktop\socratic-tutor-react\node_modules\next\dist\server\next-server.js:272:17)
    at async DevServer.handleRequestImpl (C:\Users\Lenovo\Desktop\socratic-tutor-react\node_modules\next\dist\server\base-server.js:818:17)
    at async C:\Users\Lenovo\Desktop\socratic-tutor-react\node_modules\next\dist\server\dev\next-dev-server.js:339:20
    at async Span.traceAsyncFn (C:\Users\Lenovo\Desktop\socratic-tutor-react\node_modules\next\dist\trace\trace.js:154:20)
    at async DevServer.handleRequest (C:\Users\Lenovo\Desktop\socratic-tutor-react\node_modules\next\dist\server\dev\next-dev-server.js:336:24)
    at async invokeRender (C:\Users\Lenovo\Desktop\socratic-tutor-react\node_modules\next\dist\server\lib\router-server.js:179:21)
    at async handleRequest (C:\Users\Lenovo\Desktop\socratic-tutor-react\node_modules\next\dist\server\lib\router-server.js:359:24)
    at async requestHandlerImpl (C:\Users\Lenovo\Desktop\socratic-tutor-react\node_modules\next\dist\server\lib\router-server.js:383:13)
    at async Server.requestListener (C:\Users\Lenovo\Desktop\socratic-tutor-react\node_modules\next\dist\server\lib\start-server.js:141:13) {
  code: 'MODULE_NOT_FOUND',
  requireStack: [
    'C:\\Users\\Lenovo\\Desktop\\socratic-tutor-react\\.next\\server\\webpack-runtime.js',
    'C:\\Users\\Lenovo\\Desktop\\socratic-tutor-react\\.next\\server\\app\\page.js',
    'C:\\Users\\Lenovo\\Desktop\\socratic-tutor-react\\node_modules\\next\\dist\\server\\require.js',
    'C:\\Users\\Lenovo\\Desktop\\socratic-tutor-react\\node_modules\\next\\dist\\server\\load-components.js',
    'C:\\Users\\Lenovo\\Desktop\\socratic-tutor-react\\node_modules\\next\\dist\\build\\utils.js',
    'C:\\Users\\Lenovo\\Desktop\\socratic-tutor-react\\node_modules\\next\\dist\\server\\dev\\hot-middleware.js',
    'C:\\Users\\Lenovo\\Desktop\\socratic-tutor-react\\node_modules\\next\\dist\\server\\dev\\hot-reloader-webpack.js',
    'C:\\Users\\Lenovo\\Desktop\\socratic-tutor-react\\node_modules\\next\\dist\\server\\lib\\router-utils\\setup-dev-bundler.js',
    'C:\\Users\\Lenovo\\Desktop\\socratic-tutor-react\\node_modules\\next\\dist\\server\\lib\\router-server.js',
    'C:\\Users\\Lenovo\\Desktop\\socratic-tutor-react\\node_modules\\next\\dist\\server\\lib\\start-server.js'
  ],
  page: '/login'
}
 ⨯ Error: Cannot find module './276.js'
Require stack:
- C:\Users\Lenovo\Desktop\socratic-tutor-react\.next\server\webpack-runtime.js
- C:\Users\Lenovo\Desktop\socratic-tutor-react\.next\server\app\page.js
- C:\Users\Lenovo\Desktop\socratic-tutor-react\node_modules\next\dist\server\require.js
- C:\Users\Lenovo\Desktop\socratic-tutor-react\node_modules\next\dist\server\load-components.js
- C:\Users\Lenovo\Desktop\socratic-tutor-react\node_modules\next\dist\build\utils.js
- C:\Users\Lenovo\Desktop\socratic-tutor-react\node_modules\next\dist\server\dev\hot-middleware.js
- C:\Users\Lenovo\Desktop\socratic-tutor-react\node_modules\next\dist\server\dev\hot-reloader-webpack.js
- C:\Users\Lenovo\Desktop\socratic-tutor-react\node_modules\next\dist\server\lib\router-utils\setup-dev-bundler.js
- C:\Users\Lenovo\Desktop\socratic-tutor-react\node_modules\next\dist\server\lib\router-server.js
- C:\Users\Lenovo\Desktop\socratic-tutor-react\node_modules\next\dist\server\lib\start-server.js
    at Module.<anonymous> (node:internal/modules/cjs/loader:1517:15)
    at C:\Users\Lenovo\Desktop\socratic-tutor-react\node_modules\next\dist\server\require-hook.js:55:36
    at wrapResolveFilename (node:internal/modules/cjs/loader:1071:27)
    at defaultResolveImplForCJSLoading (node:internal/modules/cjs/loader:1095:10)
    at resolveForCJSWithHooks (node:internal/modules/cjs/loader:1122:12)
    at Module._load (node:internal/modules/cjs/loader:1294:5)
    at wrapModuleLoad (node:internal/modules/cjs/loader:255:19)
    at Module.<anonymous> (node:internal/modules/cjs/loader:1617:12)
    at mod.require (C:\Users\Lenovo\Desktop\socratic-tutor-react\node_modules\next\dist\server\require-hook.js:65:28)
    at require (node:internal/modules/helpers:153:16)
    at __webpack_require__.f.require (C:\Users\Lenovo\Desktop\socratic-tutor-react\.next\server\webpack-runtime.js:198:28)
    at C:\Users\Lenovo\Desktop\socratic-tutor-react\.next\server\webpack-runtime.js:111:40
    at Array.reduce (<anonymous>)
    at __webpack_require__.e (C:\Users\Lenovo\Desktop\socratic-tutor-react\.next\server\webpack-runtime.js:110:67)
    at Array.map (<anonymous>)
    at __webpack_require__.X (C:\Users\Lenovo\Desktop\socratic-tutor-react\.next\server\webpack-runtime.js:162:22)
    at C:\Users\Lenovo\Desktop\socratic-tutor-react\.next\server\app\login\page.js:1:12213
    at Object.<anonymous> (C:\Users\Lenovo\Desktop\socratic-tutor-react\.next\server\app\login\page.js:1:12274)
    at Module._compile (node:internal/modules/cjs/loader:1871:14)
    at Object..js (node:internal/modules/cjs/loader:2002:10)
    at Module.load (node:internal/modules/cjs/loader:1594:32)
    at Module._load (node:internal/modules/cjs/loader:1396:12)
    at wrapModuleLoad (node:internal/modules/cjs/loader:255:19)
    at Module.<anonymous> (node:internal/modules/cjs/loader:1617:12)
    at mod.require (C:\Users\Lenovo\Desktop\socratic-tutor-react\node_modules\next\dist\server\require-hook.js:65:28)
    at require (node:internal/modules/helpers:153:16)
    at requirePage (C:\Users\Lenovo\Desktop\socratic-tutor-react\node_modules\next\dist\server\require.js:109:84)
    at C:\Users\Lenovo\Desktop\socratic-tutor-react\node_modules\next\dist\server\load-components.js:103:84
    at async loadComponentsImpl (C:\Users\Lenovo\Desktop\socratic-tutor-react\node_modules\next\dist\server\load-components.js:103:26)
    at async DevServer.findPageComponentsImpl (C:\Users\Lenovo\Desktop\socratic-tutor-react\node_modules\next\dist\server\next-server.js:714:36)
    at async DevServer.findPageComponents (C:\Users\Lenovo\Desktop\socratic-tutor-react\node_modules\next\dist\server\dev\next-dev-server.js:577:20)
    at async DevServer.renderPageComponent (C:\Users\Lenovo\Desktop\socratic-tutor-react\node_modules\next\dist\server\base-server.js:1910:24)
    at async DevServer.renderToResponseImpl (C:\Users\Lenovo\Desktop\socratic-tutor-react\node_modules\next\dist\server\base-server.js:1962:32)
    at async DevServer.pipeImpl (C:\Users\Lenovo\Desktop\socratic-tutor-react\node_modules\next\dist\server\base-server.js:922:25)
    at async NextNodeServer.handleCatchallRenderRequest (C:\Users\Lenovo\Desktop\socratic-tutor-react\node_modules\next\dist\server\next-server.js:272:17)
    at async DevServer.handleRequestImpl (C:\Users\Lenovo\Desktop\socratic-tutor-react\node_modules\next\dist\server\base-server.js:818:17)
    at async C:\Users\Lenovo\Desktop\socratic-tutor-react\node_modules\next\dist\server\dev\next-dev-server.js:339:20
    at async Span.traceAsyncFn (C:\Users\Lenovo\Desktop\socratic-tutor-react\node_modules\next\dist\trace\trace.js:154:20)
    at async DevServer.handleRequest (C:\Users\Lenovo\Desktop\socratic-tutor-react\node_modules\next\dist\server\dev\next-dev-server.js:336:24)
    at async invokeRender (C:\Users\Lenovo\Desktop\socratic-tutor-react\node_modules\next\dist\server\lib\router-server.js:179:21)
    at async handleRequest (C:\Users\Lenovo\Desktop\socratic-tutor-react\node_modules\next\dist\server\lib\router-server.js:359:24)
    at async requestHandlerImpl (C:\Users\Lenovo\Desktop\socratic-tutor-react\node_modules\next\dist\server\lib\router-server.js:383:13)
    at async Server.requestListener (C:\Users\Lenovo\Desktop\socratic-tutor-react\node_modules\next\dist\server\lib\start-server.js:141:13) {
  code: 'MODULE_NOT_FOUND',
  requireStack: [
    'C:\\Users\\Lenovo\\Desktop\\socratic-tutor-react\\.next\\server\\webpack-runtime.js',
    'C:\\Users\\Lenovo\\Desktop\\socratic-tutor-react\\.next\\server\\app\\page.js',
    'C:\\Users\\Lenovo\\Desktop\\socratic-tutor-react\\node_modules\\next\\dist\\server\\require.js',
    'C:\\Users\\Lenovo\\Desktop\\socratic-tutor-react\\node_modules\\next\\dist\\server\\load-components.js',
    'C:\\Users\\Lenovo\\Desktop\\socratic-tutor-react\\node_modules\\next\\dist\\build\\utils.js',
    'C:\\Users\\Lenovo\\Desktop\\socratic-tutor-react\\node_modules\\next\\dist\\server\\dev\\hot-middleware.js',
    'C:\\Users\\Lenovo\\Desktop\\socratic-tutor-react\\node_modules\\next\\dist\\server\\dev\\hot-reloader-webpack.js',
    'C:\\Users\\Lenovo\\Desktop\\socratic-tutor-react\\node_modules\\next\\dist\\server\\lib\\router-utils\\setup-dev-bundler.js',
    'C:\\Users\\Lenovo\\Desktop\\socratic-tutor-react\\node_modules\\next\\dist\\server\\lib\\router-server.js',
    'C:\\Users\\Lenovo\\Desktop\\socratic-tutor-react\\node_modules\\next\\dist\\server\\lib\\start-server.js'
  ],
  page: '/login'
}
 ⨯ Error: Cannot find module './276.js'
Require stack:
- C:\Users\Lenovo\Desktop\socratic-tutor-react\.next\server\webpack-runtime.js
- C:\Users\Lenovo\Desktop\socratic-tutor-react\.next\server\app\page.js
- C:\Users\Lenovo\Desktop\socratic-tutor-react\node_modules\next\dist\server\require.js
- C:\Users\Lenovo\Desktop\socratic-tutor-react\node_modules\next\dist\server\load-components.js
- C:\Users\Lenovo\Desktop\socratic-tutor-react\node_modules\next\dist\build\utils.js
- C:\Users\Lenovo\Desktop\socratic-tutor-react\node_modules\next\dist\server\dev\hot-middleware.js
- C:\Users\Lenovo\Desktop\socratic-tutor-react\node_modules\next\dist\server\dev\hot-reloader-webpack.js
- C:\Users\Lenovo\Desktop\socratic-tutor-react\node_modules\next\dist\server\lib\router-utils\setup-dev-bundler.js
- C:\Users\Lenovo\Desktop\socratic-tutor-react\node_modules\next\dist\server\lib\router-server.js
- C:\Users\Lenovo\Desktop\socratic-tutor-react\node_modules\next\dist\server\lib\start-server.js
    at Module.<anonymous> (node:internal/modules/cjs/loader:1517:15)
    at C:\Users\Lenovo\Desktop\socratic-tutor-react\node_modules\next\dist\server\require-hook.js:55:36
    at wrapResolveFilename (node:internal/modules/cjs/loader:1071:27)
    at defaultResolveImplForCJSLoading (node:internal/modules/cjs/loader:1095:10)
    at resolveForCJSWithHooks (node:internal/modules/cjs/loader:1122:12)
    at Module._load (node:internal/modules/cjs/loader:1294:5)
    at wrapModuleLoad (node:internal/modules/cjs/loader:255:19)
    at Module.<anonymous> (node:internal/modules/cjs/loader:1617:12)
    at mod.require (C:\Users\Lenovo\Desktop\socratic-tutor-react\node_modules\next\dist\server\require-hook.js:65:28)
    at require (node:internal/modules/helpers:153:16)
    at __webpack_require__.f.require (C:\Users\Lenovo\Desktop\socratic-tutor-react\.next\server\webpack-runtime.js:198:28)
    at C:\Users\Lenovo\Desktop\socratic-tutor-react\.next\server\webpack-runtime.js:111:40
    at Array.reduce (<anonymous>)
    at __webpack_require__.e (C:\Users\Lenovo\Desktop\socratic-tutor-react\.next\server\webpack-runtime.js:110:67)
    at Array.map (<anonymous>)
    at __webpack_require__.X (C:\Users\Lenovo\Desktop\socratic-tutor-react\.next\server\webpack-runtime.js:162:22)
    at C:\Users\Lenovo\Desktop\socratic-tutor-react\.next\server\app\login\page.js:1:12213
    at Object.<anonymous> (C:\Users\Lenovo\Desktop\socratic-tutor-react\.next\server\app\login\page.js:1:12274)
    at Module._compile (node:internal/modules/cjs/loader:1871:14)
    at Object..js (node:internal/modules/cjs/loader:2002:10)
    at Module.load (node:internal/modules/cjs/loader:1594:32)
    at Module._load (node:internal/modules/cjs/loader:1396:12)
    at wrapModuleLoad (node:internal/modules/cjs/loader:255:19)
    at Module.<anonymous> (node:internal/modules/cjs/loader:1617:12)
    at mod.require (C:\Users\Lenovo\Desktop\socratic-tutor-react\node_modules\next\dist\server\require-hook.js:65:28)
    at require (node:internal/modules/helpers:153:16)
    at requirePage (C:\Users\Lenovo\Desktop\socratic-tutor-react\node_modules\next\dist\server\require.js:109:84)
    at C:\Users\Lenovo\Desktop\socratic-tutor-react\node_modules\next\dist\server\load-components.js:103:84
    at async loadComponentsImpl (C:\Users\Lenovo\Desktop\socratic-tutor-react\node_modules\next\dist\server\load-components.js:103:26)
    at async DevServer.findPageComponentsImpl (C:\Users\Lenovo\Desktop\socratic-tutor-react\node_modules\next\dist\server\next-server.js:714:36)
    at async DevServer.findPageComponents (C:\Users\Lenovo\Desktop\socratic-tutor-react\node_modules\next\dist\server\dev\next-dev-server.js:577:20)
    at async DevServer.renderPageComponent (C:\Users\Lenovo\Desktop\socratic-tutor-react\node_modules\next\dist\server\base-server.js:1910:24)
    at async DevServer.renderToResponseImpl (C:\Users\Lenovo\Desktop\socratic-tutor-react\node_modules\next\dist\server\base-server.js:1962:32)
    at async DevServer.pipeImpl (C:\Users\Lenovo\Desktop\socratic-tutor-react\node_modules\next\dist\server\base-server.js:922:25)
    at async NextNodeServer.handleCatchallRenderRequest (C:\Users\Lenovo\Desktop\socratic-tutor-react\node_modules\next\dist\server\next-server.js:272:17)
    at async DevServer.handleRequestImpl (C:\Users\Lenovo\Desktop\socratic-tutor-react\node_modules\next\dist\server\base-server.js:818:17)
    at async C:\Users\Lenovo\Desktop\socratic-tutor-react\node_modules\next\dist\server\dev\next-dev-server.js:339:20
    at async Span.traceAsyncFn (C:\Users\Lenovo\Desktop\socratic-tutor-react\node_modules\next\dist\trace\trace.js:154:20)
    at async DevServer.handleRequest (C:\Users\Lenovo\Desktop\socratic-tutor-react\node_modules\next\dist\server\dev\next-dev-server.js:336:24)
    at async invokeRender (C:\Users\Lenovo\Desktop\socratic-tutor-react\node_modules\next\dist\server\lib\router-server.js:179:21)
    at async handleRequest (C:\Users\Lenovo\Desktop\socratic-tutor-react\node_modules\next\dist\server\lib\router-server.js:359:24)
    at async requestHandlerImpl (C:\Users\Lenovo\Desktop\socratic-tutor-react\node_modules\next\dist\server\lib\router-server.js:383:13)
    at async Server.requestListener (C:\Users\Lenovo\Desktop\socratic-tutor-react\node_modules\next\dist\server\lib\start-server.js:141:13) {
  code: 'MODULE_NOT_FOUND',
  requireStack: [
    'C:\\Users\\Lenovo\\Desktop\\socratic-tutor-react\\.next\\server\\webpack-runtime.js',
    'C:\\Users\\Lenovo\\Desktop\\socratic-tutor-react\\.next\\server\\app\\page.js',
    'C:\\Users\\Lenovo\\Desktop\\socratic-tutor-react\\node_modules\\next\\dist\\server\\require.js',
    'C:\\Users\\Lenovo\\Desktop\\socratic-tutor-react\\node_modules\\next\\dist\\server\\load-components.js',
    'C:\\Users\\Lenovo\\Desktop\\socratic-tutor-react\\node_modules\\next\\dist\\build\\utils.js',
    'C:\\Users\\Lenovo\\Desktop\\socratic-tutor-react\\node_modules\\next\\dist\\server\\dev\\hot-middleware.js',
    'C:\\Users\\Lenovo\\Desktop\\socratic-tutor-react\\node_modules\\next\\dist\\server\\dev\\hot-reloader-webpack.js',
    'C:\\Users\\Lenovo\\Desktop\\socratic-tutor-react\\node_modules\\next\\dist\\server\\lib\\router-utils\\setup-dev-bundler.js',
    'C:\\Users\\Lenovo\\Desktop\\socratic-tutor-react\\node_modules\\next\\dist\\server\\lib\\router-server.js',
    'C:\\Users\\Lenovo\\Desktop\\socratic-tutor-react\\node_modules\\next\\dist\\server\\lib\\start-server.js'
  ],
  page: '/login'
}
 ⨯ Error: Cannot find module './276.js'
Require stack:
- C:\Users\Lenovo\Desktop\socratic-tutor-react\.next\server\webpack-runtime.js
- C:\Users\Lenovo\Desktop\socratic-tutor-react\.next\server\app\page.js
- C:\Users\Lenovo\Desktop\socratic-tutor-react\node_modules\next\dist\server\require.js
- C:\Users\Lenovo\Desktop\socratic-tutor-react\node_modules\next\dist\server\load-components.js
- C:\Users\Lenovo\Desktop\socratic-tutor-react\node_modules\next\dist\build\utils.js
- C:\Users\Lenovo\Desktop\socratic-tutor-react\node_modules\next\dist\server\dev\hot-middleware.js
- C:\Users\Lenovo\Desktop\socratic-tutor-react\node_modules\next\dist\server\dev\hot-reloader-webpack.js
- C:\Users\Lenovo\Desktop\socratic-tutor-react\node_modules\next\dist\server\lib\router-utils\setup-dev-bundler.js
- C:\Users\Lenovo\Desktop\socratic-tutor-react\node_modules\next\dist\server\lib\router-server.js
- C:\Users\Lenovo\Desktop\socratic-tutor-react\node_modules\next\dist\server\lib\start-server.js
    at Module.<anonymous> (node:internal/modules/cjs/loader:1517:15)
    at C:\Users\Lenovo\Desktop\socratic-tutor-react\node_modules\next\dist\server\require-hook.js:55:36
    at wrapResolveFilename (node:internal/modules/cjs/loader:1071:27)
    at defaultResolveImplForCJSLoading (node:internal/modules/cjs/loader:1095:10)
    at resolveForCJSWithHooks (node:internal/modules/cjs/loader:1122:12)
    at Module._load (node:internal/modules/cjs/loader:1294:5)
    at wrapModuleLoad (node:internal/modules/cjs/loader:255:19)
    at Module.<anonymous> (node:internal/modules/cjs/loader:1617:12)
    at mod.require (C:\Users\Lenovo\Desktop\socratic-tutor-react\node_modules\next\dist\server\require-hook.js:65:28)
    at require (node:internal/modules/helpers:153:16)
    at __webpack_require__.f.require (C:\Users\Lenovo\Desktop\socratic-tutor-react\.next\server\webpack-runtime.js:198:28)
    at C:\Users\Lenovo\Desktop\socratic-tutor-react\.next\server\webpack-runtime.js:111:40
    at Array.reduce (<anonymous>)
    at __webpack_require__.e (C:\Users\Lenovo\Desktop\socratic-tutor-react\.next\server\webpack-runtime.js:110:67)
    at Array.map (<anonymous>)
    at __webpack_require__.X (C:\Users\Lenovo\Desktop\socratic-tutor-react\.next\server\webpack-runtime.js:162:22)
    at C:\Users\Lenovo\Desktop\socratic-tutor-react\.next\server\app\login\page.js:1:12213
    at Object.<anonymous> (C:\Users\Lenovo\Desktop\socratic-tutor-react\.next\server\app\login\page.js:1:12274)
    at Module._compile (node:internal/modules/cjs/loader:1871:14)
    at Object..js (node:internal/modules/cjs/loader:2002:10)
    at Module.load (node:internal/modules/cjs/loader:1594:32)
    at Module._load (node:internal/modules/cjs/loader:1396:12)
    at wrapModuleLoad (node:internal/modules/cjs/loader:255:19)
    at Module.<anonymous> (node:internal/modules/cjs/loader:1617:12)
    at mod.require (C:\Users\Lenovo\Desktop\socratic-tutor-react\node_modules\next\dist\server\require-hook.js:65:28)
    at require (node:internal/modules/helpers:153:16)
    at requirePage (C:\Users\Lenovo\Desktop\socratic-tutor-react\node_modules\next\dist\server\require.js:109:84)
    at C:\Users\Lenovo\Desktop\socratic-tutor-react\node_modules\next\dist\server\load-components.js:103:84
    at async loadComponentsImpl (C:\Users\Lenovo\Desktop\socratic-tutor-react\node_modules\next\dist\server\load-components.js:103:26)
    at async DevServer.findPageComponentsImpl (C:\Users\Lenovo\Desktop\socratic-tutor-react\node_modules\next\dist\server\next-server.js:714:36)
    at async DevServer.findPageComponents (C:\Users\Lenovo\Desktop\socratic-tutor-react\node_modules\next\dist\server\dev\next-dev-server.js:577:20)
    at async DevServer.renderPageComponent (C:\Users\Lenovo\Desktop\socratic-tutor-react\node_modules\next\dist\server\base-server.js:1910:24)
    at async DevServer.renderToResponseImpl (C:\Users\Lenovo\Desktop\socratic-tutor-react\node_modules\next\dist\server\base-server.js:1962:32)
    at async DevServer.pipeImpl (C:\Users\Lenovo\Desktop\socratic-tutor-react\node_modules\next\dist\server\base-server.js:922:25)
    at async NextNodeServer.handleCatchallRenderRequest (C:\Users\Lenovo\Desktop\socratic-tutor-react\node_modules\next\dist\server\next-server.js:272:17)
    at async DevServer.handleRequestImpl (C:\Users\Lenovo\Desktop\socratic-tutor-react\node_modules\next\dist\server\base-server.js:818:17)
    at async C:\Users\Lenovo\Desktop\socratic-tutor-react\node_modules\next\dist\server\dev\next-dev-server.js:339:20
    at async Span.traceAsyncFn (C:\Users\Lenovo\Desktop\socratic-tutor-react\node_modules\next\dist\trace\trace.js:154:20)
    at async DevServer.handleRequest (C:\Users\Lenovo\Desktop\socratic-tutor-react\node_modules\next\dist\server\dev\next-dev-server.js:336:24)
    at async invokeRender (C:\Users\Lenovo\Desktop\socratic-tutor-react\node_modules\next\dist\server\lib\router-server.js:179:21)
    at async handleRequest (C:\Users\Lenovo\Desktop\socratic-tutor-react\node_modules\next\dist\server\lib\router-server.js:359:24)
    at async requestHandlerImpl (C:\Users\Lenovo\Desktop\socratic-tutor-react\node_modules\next\dist\server\lib\router-server.js:383:13)
    at async Server.requestListener (C:\Users\Lenovo\Desktop\socratic-tutor-react\node_modules\next\dist\server\lib\start-server.js:141:13) {
  code: 'MODULE_NOT_FOUND',
  requireStack: [
    'C:\\Users\\Lenovo\\Desktop\\socratic-tutor-react\\.next\\server\\webpack-runtime.js',
    'C:\\Users\\Lenovo\\Desktop\\socratic-tutor-react\\.next\\server\\app\\page.js',
    'C:\\Users\\Lenovo\\Desktop\\socratic-tutor-react\\node_modules\\next\\dist\\server\\require.js',
    'C:\\Users\\Lenovo\\Desktop\\socratic-tutor-react\\node_modules\\next\\dist\\server\\load-components.js',
    'C:\\Users\\Lenovo\\Desktop\\socratic-tutor-react\\node_modules\\next\\dist\\build\\utils.js',
    'C:\\Users\\Lenovo\\Desktop\\socratic-tutor-react\\node_modules\\next\\dist\\server\\dev\\hot-middleware.js',
    'C:\\Users\\Lenovo\\Desktop\\socratic-tutor-react\\node_modules\\next\\dist\\server\\dev\\hot-reloader-webpack.js',
    'C:\\Users\\Lenovo\\Desktop\\socratic-tutor-react\\node_modules\\next\\dist\\server\\lib\\router-utils\\setup-dev-bundler.js',
    'C:\\Users\\Lenovo\\Desktop\\socratic-tutor-react\\node_modules\\next\\dist\\server\\lib\\router-server.js',
    'C:\\Users\\Lenovo\\Desktop\\socratic-tutor-react\\node_modules\\next\\dist\\server\\lib\\start-server.js'
  ],
  page: '/login'
}
 ⨯ Error: Cannot find module './276.js'
Require stack:
- C:\Users\Lenovo\Desktop\socratic-tutor-react\.next\server\webpack-runtime.js
- C:\Users\Lenovo\Desktop\socratic-tutor-react\.next\server\app\page.js
- C:\Users\Lenovo\Desktop\socratic-tutor-react\node_modules\next\dist\server\require.js
- C:\Users\Lenovo\Desktop\socratic-tutor-react\node_modules\next\dist\server\load-components.js
- C:\Users\Lenovo\Desktop\socratic-tutor-react\node_modules\next\dist\build\utils.js
- C:\Users\Lenovo\Desktop\socratic-tutor-react\node_modules\next\dist\server\dev\hot-middleware.js
- C:\Users\Lenovo\Desktop\socratic-tutor-react\node_modules\next\dist\server\dev\hot-reloader-webpack.js
- C:\Users\Lenovo\Desktop\socratic-tutor-react\node_modules\next\dist\server\lib\router-utils\setup-dev-bundler.js
- C:\Users\Lenovo\Desktop\socratic-tutor-react\node_modules\next\dist\server\lib\router-server.js
- C:\Users\Lenovo\Desktop\socratic-tutor-react\node_modules\next\dist\server\lib\start-server.js
    at Module.<anonymous> (node:internal/modules/cjs/loader:1517:15)
    at C:\Users\Lenovo\Desktop\socratic-tutor-react\node_modules\next\dist\server\require-hook.js:55:36
    at wrapResolveFilename (node:internal/modules/cjs/loader:1071:27)
    at defaultResolveImplForCJSLoading (node:internal/modules/cjs/loader:1095:10)
    at resolveForCJSWithHooks (node:internal/modules/cjs/loader:1122:12)
    at Module._load (node:internal/modules/cjs/loader:1294:5)
    at wrapModuleLoad (node:internal/modules/cjs/loader:255:19)
    at Module.<anonymous> (node:internal/modules/cjs/loader:1617:12)
    at mod.require (C:\Users\Lenovo\Desktop\socratic-tutor-react\node_modules\next\dist\server\require-hook.js:65:28)
    at require (node:internal/modules/helpers:153:16)
    at __webpack_require__.f.require (C:\Users\Lenovo\Desktop\socratic-tutor-react\.next\server\webpack-runtime.js:198:28)
    at C:\Users\Lenovo\Desktop\socratic-tutor-react\.next\server\webpack-runtime.js:111:40
    at Array.reduce (<anonymous>)
    at __webpack_require__.e (C:\Users\Lenovo\Desktop\socratic-tutor-react\.next\server\webpack-runtime.js:110:67)
    at Array.map (<anonymous>)
    at __webpack_require__.X (C:\Users\Lenovo\Desktop\socratic-tutor-react\.next\server\webpack-runtime.js:162:22)
    at C:\Users\Lenovo\Desktop\socratic-tutor-react\.next\server\app\login\page.js:1:12213
    at Object.<anonymous> (C:\Users\Lenovo\Desktop\socratic-tutor-react\.next\server\app\login\page.js:1:12274)
    at Module._compile (node:internal/modules/cjs/loader:1871:14)
    at Object..js (node:internal/modules/cjs/loader:2002:10)
    at Module.load (node:internal/modules/cjs/loader:1594:32)
    at Module._load (node:internal/modules/cjs/loader:1396:12)
    at wrapModuleLoad (node:internal/modules/cjs/loader:255:19)
    at Module.<anonymous> (node:internal/modules/cjs/loader:1617:12)
    at mod.require (C:\Users\Lenovo\Desktop\socratic-tutor-react\node_modules\next\dist\server\require-hook.js:65:28)
    at require (node:internal/modules/helpers:153:16)
    at requirePage (C:\Users\Lenovo\Desktop\socratic-tutor-react\node_modules\next\dist\server\require.js:109:84)
    at C:\Users\Lenovo\Desktop\socratic-tutor-react\node_modules\next\dist\server\load-components.js:103:84
    at async loadComponentsImpl (C:\Users\Lenovo\Desktop\socratic-tutor-react\node_modules\next\dist\server\load-components.js:103:26)
    at async DevServer.findPageComponentsImpl (C:\Users\Lenovo\Desktop\socratic-tutor-react\node_modules\next\dist\server\next-server.js:714:36)
    at async DevServer.findPageComponents (C:\Users\Lenovo\Desktop\socratic-tutor-react\node_modules\next\dist\server\dev\next-dev-server.js:577:20)
    at async DevServer.renderPageComponent (C:\Users\Lenovo\Desktop\socratic-tutor-react\node_modules\next\dist\server\base-server.js:1910:24)
    at async DevServer.renderToResponseImpl (C:\Users\Lenovo\Desktop\socratic-tutor-react\node_modules\next\dist\server\base-server.js:1962:32)
    at async DevServer.pipeImpl (C:\Users\Lenovo\Desktop\socratic-tutor-react\node_modules\next\dist\server\base-server.js:922:25)
    at async NextNodeServer.handleCatchallRenderRequest (C:\Users\Lenovo\Desktop\socratic-tutor-react\node_modules\next\dist\server\next-server.js:272:17)
    at async DevServer.handleRequestImpl (C:\Users\Lenovo\Desktop\socratic-tutor-react\node_modules\next\dist\server\base-server.js:818:17)
    at async C:\Users\Lenovo\Desktop\socratic-tutor-react\node_modules\next\dist\server\dev\next-dev-server.js:339:20
    at async Span.traceAsyncFn (C:\Users\Lenovo\Desktop\socratic-tutor-react\node_modules\next\dist\trace\trace.js:154:20)
    at async DevServer.handleRequest (C:\Users\Lenovo\Desktop\socratic-tutor-react\node_modules\next\dist\server\dev\next-dev-server.js:336:24)
    at async invokeRender (C:\Users\Lenovo\Desktop\socratic-tutor-react\node_modules\next\dist\server\lib\router-server.js:179:21)
    at async handleRequest (C:\Users\Lenovo\Desktop\socratic-tutor-react\node_modules\next\dist\server\lib\router-server.js:359:24)
    at async requestHandlerImpl (C:\Users\Lenovo\Desktop\socratic-tutor-react\node_modules\next\dist\server\lib\router-server.js:383:13)
    at async Server.requestListener (C:\Users\Lenovo\Desktop\socratic-tutor-react\node_modules\next\dist\server\lib\start-server.js:141:13) {
  code: 'MODULE_NOT_FOUND',
  requireStack: [
    'C:\\Users\\Lenovo\\Desktop\\socratic-tutor-react\\.next\\server\\webpack-runtime.js',
    'C:\\Users\\Lenovo\\Desktop\\socratic-tutor-react\\.next\\server\\app\\page.js',
    'C:\\Users\\Lenovo\\Desktop\\socratic-tutor-react\\node_modules\\next\\dist\\server\\require.js',
    'C:\\Users\\Lenovo\\Desktop\\socratic-tutor-react\\node_modules\\next\\dist\\server\\load-components.js',
    'C:\\Users\\Lenovo\\Desktop\\socratic-tutor-react\\node_modules\\next\\dist\\build\\utils.js',
    'C:\\Users\\Lenovo\\Desktop\\socratic-tutor-react\\node_modules\\next\\dist\\server\\dev\\hot-middleware.js',
    'C:\\Users\\Lenovo\\Desktop\\socratic-tutor-react\\node_modules\\next\\dist\\server\\dev\\hot-reloader-webpack.js',
    'C:\\Users\\Lenovo\\Desktop\\socratic-tutor-react\\node_modules\\next\\dist\\server\\lib\\router-utils\\setup-dev-bundler.js',
    'C:\\Users\\Lenovo\\Desktop\\socratic-tutor-react\\node_modules\\next\\dist\\server\\lib\\router-server.js',
    'C:\\Users\\Lenovo\\Desktop\\socratic-tutor-react\\node_modules\\next\\dist\\server\\lib\\start-server.js'
  ],
  page: '/login'
}
 ⨯ Error: Cannot find module './276.js'
Require stack:
- C:\Users\Lenovo\Desktop\socratic-tutor-react\.next\server\webpack-runtime.js
- C:\Users\Lenovo\Desktop\socratic-tutor-react\.next\server\app\page.js
- C:\Users\Lenovo\Desktop\socratic-tutor-react\node_modules\next\dist\server\require.js
- C:\Users\Lenovo\Desktop\socratic-tutor-react\node_modules\next\dist\server\load-components.js
- C:\Users\Lenovo\Desktop\socratic-tutor-react\node_modules\next\dist\build\utils.js
- C:\Users\Lenovo\Desktop\socratic-tutor-react\node_modules\next\dist\server\dev\hot-middleware.js
- C:\Users\Lenovo\Desktop\socratic-tutor-react\node_modules\next\dist\server\dev\hot-reloader-webpack.js
- C:\Users\Lenovo\Desktop\socratic-tutor-react\node_modules\next\dist\server\lib\router-utils\setup-dev-bundler.js
- C:\Users\Lenovo\Desktop\socratic-tutor-react\node_modules\next\dist\server\lib\router-server.js
- C:\Users\Lenovo\Desktop\socratic-tutor-react\node_modules\next\dist\server\lib\start-server.js
    at Module.<anonymous> (node:internal/modules/cjs/loader:1517:15)
    at C:\Users\Lenovo\Desktop\socratic-tutor-react\node_modules\next\dist\server\require-hook.js:55:36
    at wrapResolveFilename (node:internal/modules/cjs/loader:1071:27)
    at defaultResolveImplForCJSLoading (node:internal/modules/cjs/loader:1095:10)
    at resolveForCJSWithHooks (node:internal/modules/cjs/loader:1122:12)
    at Module._load (node:internal/modules/cjs/loader:1294:5)
    at wrapModuleLoad (node:internal/modules/cjs/loader:255:19)
    at Module.<anonymous> (node:internal/modules/cjs/loader:1617:12)
    at mod.require (C:\Users\Lenovo\Desktop\socratic-tutor-react\node_modules\next\dist\server\require-hook.js:65:28)
    at require (node:internal/modules/helpers:153:16)
    at __webpack_require__.f.require (C:\Users\Lenovo\Desktop\socratic-tutor-react\.next\server\webpack-runtime.js:198:28)
    at C:\Users\Lenovo\Desktop\socratic-tutor-react\.next\server\webpack-runtime.js:111:40
    at Array.reduce (<anonymous>)
    at __webpack_require__.e (C:\Users\Lenovo\Desktop\socratic-tutor-react\.next\server\webpack-runtime.js:110:67)
    at Array.map (<anonymous>)
    at __webpack_require__.X (C:\Users\Lenovo\Desktop\socratic-tutor-react\.next\server\webpack-runtime.js:162:22)
    at C:\Users\Lenovo\Desktop\socratic-tutor-react\.next\server\app\login\page.js:1:12213
    at Object.<anonymous> (C:\Users\Lenovo\Desktop\socratic-tutor-react\.next\server\app\login\page.js:1:12274)
    at Module._compile (node:internal/modules/cjs/loader:1871:14)
    at Object..js (node:internal/modules/cjs/loader:2002:10)
    at Module.load (node:internal/modules/cjs/loader:1594:32)
    at Module._load (node:internal/modules/cjs/loader:1396:12)
    at wrapModuleLoad (node:internal/modules/cjs/loader:255:19)
    at Module.<anonymous> (node:internal/modules/cjs/loader:1617:12)
    at mod.require (C:\Users\Lenovo\Desktop\socratic-tutor-react\node_modules\next\dist\server\require-hook.js:65:28)
    at require (node:internal/modules/helpers:153:16)
    at requirePage (C:\Users\Lenovo\Desktop\socratic-tutor-react\node_modules\next\dist\server\require.js:109:84)
    at C:\Users\Lenovo\Desktop\socratic-tutor-react\node_modules\next\dist\server\load-components.js:103:84
    at async loadComponentsImpl (C:\Users\Lenovo\Desktop\socratic-tutor-react\node_modules\next\dist\server\load-components.js:103:26)
    at async DevServer.findPageComponentsImpl (C:\Users\Lenovo\Desktop\socratic-tutor-react\node_modules\next\dist\server\next-server.js:714:36)
    at async DevServer.findPageComponents (C:\Users\Lenovo\Desktop\socratic-tutor-react\node_modules\next\dist\server\dev\next-dev-server.js:577:20)
    at async DevServer.renderPageComponent (C:\Users\Lenovo\Desktop\socratic-tutor-react\node_modules\next\dist\server\base-server.js:1910:24)
    at async DevServer.renderToResponseImpl (C:\Users\Lenovo\Desktop\socratic-tutor-react\node_modules\next\dist\server\base-server.js:1962:32)
    at async DevServer.pipeImpl (C:\Users\Lenovo\Desktop\socratic-tutor-react\node_modules\next\dist\server\base-server.js:922:25)
    at async NextNodeServer.handleCatchallRenderRequest (C:\Users\Lenovo\Desktop\socratic-tutor-react\node_modules\next\dist\server\next-server.js:272:17)
    at async DevServer.handleRequestImpl (C:\Users\Lenovo\Desktop\socratic-tutor-react\node_modules\next\dist\server\base-server.js:818:17)
    at async C:\Users\Lenovo\Desktop\socratic-tutor-react\node_modules\next\dist\server\dev\next-dev-server.js:339:20
    at async Span.traceAsyncFn (C:\Users\Lenovo\Desktop\socratic-tutor-react\node_modules\next\dist\trace\trace.js:154:20)
    at async DevServer.handleRequest (C:\Users\Lenovo\Desktop\socratic-tutor-react\node_modules\next\dist\server\dev\next-dev-server.js:336:24)
    at async invokeRender (C:\Users\Lenovo\Desktop\socratic-tutor-react\node_modules\next\dist\server\lib\router-server.js:179:21)
    at async handleRequest (C:\Users\Lenovo\Desktop\socratic-tutor-react\node_modules\next\dist\server\lib\router-server.js:359:24)
    at async requestHandlerImpl (C:\Users\Lenovo\Desktop\socratic-tutor-react\node_modules\next\dist\server\lib\router-server.js:383:13)
    at async Server.requestListener (C:\Users\Lenovo\Desktop\socratic-tutor-react\node_modules\next\dist\server\lib\start-server.js:141:13) {
  code: 'MODULE_NOT_FOUND',
  requireStack: [
    'C:\\Users\\Lenovo\\Desktop\\socratic-tutor-react\\.next\\server\\webpack-runtime.js',
    'C:\\Users\\Lenovo\\Desktop\\socratic-tutor-react\\.next\\server\\app\\page.js',
    'C:\\Users\\Lenovo\\Desktop\\socratic-tutor-react\\node_modules\\next\\dist\\server\\require.js',
    'C:\\Users\\Lenovo\\Desktop\\socratic-tutor-react\\node_modules\\next\\dist\\server\\load-components.js',
    'C:\\Users\\Lenovo\\Desktop\\socratic-tutor-react\\node_modules\\next\\dist\\build\\utils.js',
    'C:\\Users\\Lenovo\\Desktop\\socratic-tutor-react\\node_modules\\next\\dist\\server\\dev\\hot-middleware.js',
    'C:\\Users\\Lenovo\\Desktop\\socratic-tutor-react\\node_modules\\next\\dist\\server\\dev\\hot-reloader-webpack.js',
    'C:\\Users\\Lenovo\\Desktop\\socratic-tutor-react\\node_modules\\next\\dist\\server\\lib\\router-utils\\setup-dev-bundler.js',
    'C:\\Users\\Lenovo\\Desktop\\socratic-tutor-react\\node_modules\\next\\dist\\server\\lib\\router-server.js',
    'C:\\Users\\Lenovo\\Desktop\\socratic-tutor-react\\node_modules\\next\\dist\\server\\lib\\start-server.js'
  ],
  page: '/login'
}
 ⨯ Error: Cannot find module './276.js'
Require stack:
- C:\Users\Lenovo\Desktop\socratic-tutor-react\.next\server\webpack-runtime.js
- C:\Users\Lenovo\Desktop\socratic-tutor-react\.next\server\app\page.js
- C:\Users\Lenovo\Desktop\socratic-tutor-react\node_modules\next\dist\server\require.js
- C:\Users\Lenovo\Desktop\socratic-tutor-react\node_modules\next\dist\server\load-components.js
- C:\Users\Lenovo\Desktop\socratic-tutor-react\node_modules\next\dist\build\utils.js
- C:\Users\Lenovo\Desktop\socratic-tutor-react\node_modules\next\dist\server\dev\hot-middleware.js
- C:\Users\Lenovo\Desktop\socratic-tutor-react\node_modules\next\dist\server\dev\hot-reloader-webpack.js
- C:\Users\Lenovo\Desktop\socratic-tutor-react\node_modules\next\dist\server\lib\router-utils\setup-dev-bundler.js
- C:\Users\Lenovo\Desktop\socratic-tutor-react\node_modules\next\dist\server\lib\router-server.js
- C:\Users\Lenovo\Desktop\socratic-tutor-react\node_modules\next\dist\server\lib\start-server.js
    at Module.<anonymous> (node:internal/modules/cjs/loader:1517:15)
    at C:\Users\Lenovo\Desktop\socratic-tutor-react\node_modules\next\dist\server\require-hook.js:55:36
    at wrapResolveFilename (node:internal/modules/cjs/loader:1071:27)
    at defaultResolveImplForCJSLoading (node:internal/modules/cjs/loader:1095:10)
    at resolveForCJSWithHooks (node:internal/modules/cjs/loader:1122:12)
    at Module._load (node:internal/modules/cjs/loader:1294:5)
    at wrapModuleLoad (node:internal/modules/cjs/loader:255:19)
    at Module.<anonymous> (node:internal/modules/cjs/loader:1617:12)
    at mod.require (C:\Users\Lenovo\Desktop\socratic-tutor-react\node_modules\next\dist\server\require-hook.js:65:28)
    at require (node:internal/modules/helpers:153:16)
    at __webpack_require__.f.require (C:\Users\Lenovo\Desktop\socratic-tutor-react\.next\server\webpack-runtime.js:198:28)
    at C:\Users\Lenovo\Desktop\socratic-tutor-react\.next\server\webpack-runtime.js:111:40
    at Array.reduce (<anonymous>)
    at __webpack_require__.e (C:\Users\Lenovo\Desktop\socratic-tutor-react\.next\server\webpack-runtime.js:110:67)
    at Array.map (<anonymous>)
    at __webpack_require__.X (C:\Users\Lenovo\Desktop\socratic-tutor-react\.next\server\webpack-runtime.js:162:22)
    at C:\Users\Lenovo\Desktop\socratic-tutor-react\.next\server\app\login\page.js:1:12213
    at Object.<anonymous> (C:\Users\Lenovo\Desktop\socratic-tutor-react\.next\server\app\login\page.js:1:12274)
    at Module._compile (node:internal/modules/cjs/loader:1871:14)
    at Object..js (node:internal/modules/cjs/loader:2002:10)
    at Module.load (node:internal/modules/cjs/loader:1594:32)
    at Module._load (node:internal/modules/cjs/loader:1396:12)
    at wrapModuleLoad (node:internal/modules/cjs/loader:255:19)
    at Module.<anonymous> (node:internal/modules/cjs/loader:1617:12)
    at mod.require (C:\Users\Lenovo\Desktop\socratic-tutor-react\node_modules\next\dist\server\require-hook.js:65:28)
    at require (node:internal/modules/helpers:153:16)
    at requirePage (C:\Users\Lenovo\Desktop\socratic-tutor-react\node_modules\next\dist\server\require.js:109:84)
    at C:\Users\Lenovo\Desktop\socratic-tutor-react\node_modules\next\dist\server\load-components.js:103:84
    at async loadComponentsImpl (C:\Users\Lenovo\Desktop\socratic-tutor-react\node_modules\next\dist\server\load-components.js:103:26)
    at async DevServer.findPageComponentsImpl (C:\Users\Lenovo\Desktop\socratic-tutor-react\node_modules\next\dist\server\next-server.js:714:36)
    at async DevServer.findPageComponents (C:\Users\Lenovo\Desktop\socratic-tutor-react\node_modules\next\dist\server\dev\next-dev-server.js:577:20)
    at async DevServer.renderPageComponent (C:\Users\Lenovo\Desktop\socratic-tutor-react\node_modules\next\dist\server\base-server.js:1910:24)
    at async DevServer.renderToResponseImpl (C:\Users\Lenovo\Desktop\socratic-tutor-react\node_modules\next\dist\server\base-server.js:1962:32)
    at async DevServer.pipeImpl (C:\Users\Lenovo\Desktop\socratic-tutor-react\node_modules\next\dist\server\base-server.js:922:25)
    at async NextNodeServer.handleCatchallRenderRequest (C:\Users\Lenovo\Desktop\socratic-tutor-react\node_modules\next\dist\server\next-server.js:272:17)
    at async DevServer.handleRequestImpl (C:\Users\Lenovo\Desktop\socratic-tutor-react\node_modules\next\dist\server\base-server.js:818:17)
    at async C:\Users\Lenovo\Desktop\socratic-tutor-react\node_modules\next\dist\server\dev\next-dev-server.js:339:20
    at async Span.traceAsyncFn (C:\Users\Lenovo\Desktop\socratic-tutor-react\node_modules\next\dist\trace\trace.js:154:20)
    at async DevServer.handleRequest (C:\Users\Lenovo\Desktop\socratic-tutor-react\node_modules\next\dist\server\dev\next-dev-server.js:336:24)
    at async invokeRender (C:\Users\Lenovo\Desktop\socratic-tutor-react\node_modules\next\dist\server\lib\router-server.js:179:21)
    at async handleRequest (C:\Users\Lenovo\Desktop\socratic-tutor-react\node_modules\next\dist\server\lib\router-server.js:359:24)
    at async requestHandlerImpl (C:\Users\Lenovo\Desktop\socratic-tutor-react\node_modules\next\dist\server\lib\router-server.js:383:13)
    at async Server.requestListener (C:\Users\Lenovo\Desktop\socratic-tutor-react\node_modules\next\dist\server\lib\start-server.js:141:13) {
  code: 'MODULE_NOT_FOUND',
  requireStack: [
    'C:\\Users\\Lenovo\\Desktop\\socratic-tutor-react\\.next\\server\\webpack-runtime.js',
    'C:\\Users\\Lenovo\\Desktop\\socratic-tutor-react\\.next\\server\\app\\page.js',
    'C:\\Users\\Lenovo\\Desktop\\socratic-tutor-react\\node_modules\\next\\dist\\server\\require.js',
    'C:\\Users\\Lenovo\\Desktop\\socratic-tutor-react\\node_modules\\next\\dist\\server\\load-components.js',
    'C:\\Users\\Lenovo\\Desktop\\socratic-tutor-react\\node_modules\\next\\dist\\build\\utils.js',
    'C:\\Users\\Lenovo\\Desktop\\socratic-tutor-react\\node_modules\\next\\dist\\server\\dev\\hot-middleware.js',
    'C:\\Users\\Lenovo\\Desktop\\socratic-tutor-react\\node_modules\\next\\dist\\server\\dev\\hot-reloader-webpack.js',
    'C:\\Users\\Lenovo\\Desktop\\socratic-tutor-react\\node_modules\\next\\dist\\server\\lib\\router-utils\\setup-dev-bundler.js',
    'C:\\Users\\Lenovo\\Desktop\\socratic-tutor-react\\node_modules\\next\\dist\\server\\lib\\router-server.js',
    'C:\\Users\\Lenovo\\Desktop\\socratic-tutor-react\\node_modules\\next\\dist\\server\\lib\\start-server.js'
  ],
  page: '/login'
}
 ⨯ Error: Cannot find module './276.js'
Require stack:
- C:\Users\Lenovo\Desktop\socratic-tutor-react\.next\server\webpack-runtime.js
- C:\Users\Lenovo\Desktop\socratic-tutor-react\.next\server\app\page.js
- C:\Users\Lenovo\Desktop\socratic-tutor-react\node_modules\next\dist\server\require.js
- C:\Users\Lenovo\Desktop\socratic-tutor-react\node_modules\next\dist\server\load-components.js
- C:\Users\Lenovo\Desktop\socratic-tutor-react\node_modules\next\dist\build\utils.js
- C:\Users\Lenovo\Desktop\socratic-tutor-react\node_modules\next\dist\server\dev\hot-middleware.js
- C:\Users\Lenovo\Desktop\socratic-tutor-react\node_modules\next\dist\server\dev\hot-reloader-webpack.js
- C:\Users\Lenovo\Desktop\socratic-tutor-react\node_modules\next\dist\server\lib\router-utils\setup-dev-bundler.js
- C:\Users\Lenovo\Desktop\socratic-tutor-react\node_modules\next\dist\server\lib\router-server.js
- C:\Users\Lenovo\Desktop\socratic-tutor-react\node_modules\next\dist\server\lib\start-server.js
    at Module.<anonymous> (node:internal/modules/cjs/loader:1517:15)
    at C:\Users\Lenovo\Desktop\socratic-tutor-react\node_modules\next\dist\server\require-hook.js:55:36
    at wrapResolveFilename (node:internal/modules/cjs/loader:1071:27)
    at defaultResolveImplForCJSLoading (node:internal/modules/cjs/loader:1095:10)
    at resolveForCJSWithHooks (node:internal/modules/cjs/loader:1122:12)
    at Module._load (node:internal/modules/cjs/loader:1294:5)
    at wrapModuleLoad (node:internal/modules/cjs/loader:255:19)
    at Module.<anonymous> (node:internal/modules/cjs/loader:1617:12)
    at mod.require (C:\Users\Lenovo\Desktop\socratic-tutor-react\node_modules\next\dist\server\require-hook.js:65:28)
    at require (node:internal/modules/helpers:153:16)
    at __webpack_require__.f.require (C:\Users\Lenovo\Desktop\socratic-tutor-react\.next\server\webpack-runtime.js:198:28)
    at C:\Users\Lenovo\Desktop\socratic-tutor-react\.next\server\webpack-runtime.js:111:40
    at Array.reduce (<anonymous>)
    at __webpack_require__.e (C:\Users\Lenovo\Desktop\socratic-tutor-react\.next\server\webpack-runtime.js:110:67)
    at Array.map (<anonymous>)
    at __webpack_require__.X (C:\Users\Lenovo\Desktop\socratic-tutor-react\.next\server\webpack-runtime.js:162:22)
    at C:\Users\Lenovo\Desktop\socratic-tutor-react\.next\server\app\login\page.js:1:12213
    at Object.<anonymous> (C:\Users\Lenovo\Desktop\socratic-tutor-react\.next\server\app\login\page.js:1:12274)
    at Module._compile (node:internal/modules/cjs/loader:1871:14)
    at Object..js (node:internal/modules/cjs/loader:2002:10)
    at Module.load (node:internal/modules/cjs/loader:1594:32)
    at Module._load (node:internal/modules/cjs/loader:1396:12)
    at wrapModuleLoad (node:internal/modules/cjs/loader:255:19)
    at Module.<anonymous> (node:internal/modules/cjs/loader:1617:12)
    at mod.require (C:\Users\Lenovo\Desktop\socratic-tutor-react\node_modules\next\dist\server\require-hook.js:65:28)
    at require (node:internal/modules/helpers:153:16)
    at requirePage (C:\Users\Lenovo\Desktop\socratic-tutor-react\node_modules\next\dist\server\require.js:109:84)
    at C:\Users\Lenovo\Desktop\socratic-tutor-react\node_modules\next\dist\server\load-components.js:103:84
    at async loadComponentsImpl (C:\Users\Lenovo\Desktop\socratic-tutor-react\node_modules\next\dist\server\load-components.js:103:26)
    at async DevServer.findPageComponentsImpl (C:\Users\Lenovo\Desktop\socratic-tutor-react\node_modules\next\dist\server\next-server.js:714:36)
    at async DevServer.findPageComponents (C:\Users\Lenovo\Desktop\socratic-tutor-react\node_modules\next\dist\server\dev\next-dev-server.js:577:20)
    at async DevServer.renderPageComponent (C:\Users\Lenovo\Desktop\socratic-tutor-react\node_modules\next\dist\server\base-server.js:1910:24)
    at async DevServer.renderToResponseImpl (C:\Users\Lenovo\Desktop\socratic-tutor-react\node_modules\next\dist\server\base-server.js:1962:32)
    at async DevServer.pipeImpl (C:\Users\Lenovo\Desktop\socratic-tutor-react\node_modules\next\dist\server\base-server.js:922:25)
    at async NextNodeServer.handleCatchallRenderRequest (C:\Users\Lenovo\Desktop\socratic-tutor-react\node_modules\next\dist\server\next-server.js:272:17)
    at async DevServer.handleRequestImpl (C:\Users\Lenovo\Desktop\socratic-tutor-react\node_modules\next\dist\server\base-server.js:818:17)
    at async C:\Users\Lenovo\Desktop\socratic-tutor-react\node_modules\next\dist\server\dev\next-dev-server.js:339:20
    at async Span.traceAsyncFn (C:\Users\Lenovo\Desktop\socratic-tutor-react\node_modules\next\dist\trace\trace.js:154:20)
    at async DevServer.handleRequest (C:\Users\Lenovo\Desktop\socratic-tutor-react\node_modules\next\dist\server\dev\next-dev-server.js:336:24)
    at async invokeRender (C:\Users\Lenovo\Desktop\socratic-tutor-react\node_modules\next\dist\server\lib\router-server.js:179:21)
    at async handleRequest (C:\Users\Lenovo\Desktop\socratic-tutor-react\node_modules\next\dist\server\lib\router-server.js:359:24)
    at async requestHandlerImpl (C:\Users\Lenovo\Desktop\socratic-tutor-react\node_modules\next\dist\server\lib\router-server.js:383:13)
    at async Server.requestListener (C:\Users\Lenovo\Desktop\socratic-tutor-react\node_modules\next\dist\server\lib\start-server.js:141:13) {
  code: 'MODULE_NOT_FOUND',
  requireStack: [
    'C:\\Users\\Lenovo\\Desktop\\socratic-tutor-react\\.next\\server\\webpack-runtime.js',
    'C:\\Users\\Lenovo\\Desktop\\socratic-tutor-react\\.next\\server\\app\\page.js',
    'C:\\Users\\Lenovo\\Desktop\\socratic-tutor-react\\node_modules\\next\\dist\\server\\require.js',
    'C:\\Users\\Lenovo\\Desktop\\socratic-tutor-react\\node_modules\\next\\dist\\server\\load-components.js',
    'C:\\Users\\Lenovo\\Desktop\\socratic-tutor-react\\node_modules\\next\\dist\\build\\utils.js',
    'C:\\Users\\Lenovo\\Desktop\\socratic-tutor-react\\node_modules\\next\\dist\\server\\dev\\hot-middleware.js',
    'C:\\Users\\Lenovo\\Desktop\\socratic-tutor-react\\node_modules\\next\\dist\\server\\dev\\hot-reloader-webpack.js',
    'C:\\Users\\Lenovo\\Desktop\\socratic-tutor-react\\node_modules\\next\\dist\\server\\lib\\router-utils\\setup-dev-bundler.js',
    'C:\\Users\\Lenovo\\Desktop\\socratic-tutor-react\\node_modules\\next\\dist\\server\\lib\\router-server.js',
    'C:\\Users\\Lenovo\\Desktop\\socratic-tutor-react\\node_modules\\next\\dist\\server\\lib\\start-server.js'
  ],
  page: '/login'
}
 ⨯ Error: Cannot find module './276.js'
Require stack:
- C:\Users\Lenovo\Desktop\socratic-tutor-react\.next\server\webpack-runtime.js
- C:\Users\Lenovo\Desktop\socratic-tutor-react\.next\server\app\page.js
- C:\Users\Lenovo\Desktop\socratic-tutor-react\node_modules\next\dist\server\require.js
- C:\Users\Lenovo\Desktop\socratic-tutor-react\node_modules\next\dist\server\load-components.js
- C:\Users\Lenovo\Desktop\socratic-tutor-react\node_modules\next\dist\build\utils.js
- C:\Users\Lenovo\Desktop\socratic-tutor-react\node_modules\next\dist\server\dev\hot-middleware.js
- C:\Users\Lenovo\Desktop\socratic-tutor-react\node_modules\next\dist\server\dev\hot-reloader-webpack.js
- C:\Users\Lenovo\Desktop\socratic-tutor-react\node_modules\next\dist\server\lib\router-utils\setup-dev-bundler.js
- C:\Users\Lenovo\Desktop\socratic-tutor-react\node_modules\next\dist\server\lib\router-server.js
- C:\Users\Lenovo\Desktop\socratic-tutor-react\node_modules\next\dist\server\lib\start-server.js
    at Module.<anonymous> (node:internal/modules/cjs/loader:1517:15)
    at C:\Users\Lenovo\Desktop\socratic-tutor-react\node_modules\next\dist\server\require-hook.js:55:36
    at wrapResolveFilename (node:internal/modules/cjs/loader:1071:27)
    at defaultResolveImplForCJSLoading (node:internal/modules/cjs/loader:1095:10)
    at resolveForCJSWithHooks (node:internal/modules/cjs/loader:1122:12)
    at Module._load (node:internal/modules/cjs/loader:1294:5)
    at wrapModuleLoad (node:internal/modules/cjs/loader:255:19)
    at Module.<anonymous> (node:internal/modules/cjs/loader:1617:12)
    at mod.require (C:\Users\Lenovo\Desktop\socratic-tutor-react\node_modules\next\dist\server\require-hook.js:65:28)
    at require (node:internal/modules/helpers:153:16)
    at __webpack_require__.f.require (C:\Users\Lenovo\Desktop\socratic-tutor-react\.next\server\webpack-runtime.js:198:28)
    at C:\Users\Lenovo\Desktop\socratic-tutor-react\.next\server\webpack-runtime.js:111:40
    at Array.reduce (<anonymous>)
    at __webpack_require__.e (C:\Users\Lenovo\Desktop\socratic-tutor-react\.next\server\webpack-runtime.js:110:67)
    at Array.map (<anonymous>)
    at __webpack_require__.X (C:\Users\Lenovo\Desktop\socratic-tutor-react\.next\server\webpack-runtime.js:162:22)
    at C:\Users\Lenovo\Desktop\socratic-tutor-react\.next\server\app\login\page.js:1:12213
    at Object.<anonymous> (C:\Users\Lenovo\Desktop\socratic-tutor-react\.next\server\app\login\page.js:1:12274)
    at Module._compile (node:internal/modules/cjs/loader:1871:14)
    at Object..js (node:internal/modules/cjs/loader:2002:10)
    at Module.load (node:internal/modules/cjs/loader:1594:32)
    at Module._load (node:internal/modules/cjs/loader:1396:12)
    at wrapModuleLoad (node:internal/modules/cjs/loader:255:19)
    at Module.<anonymous> (node:internal/modules/cjs/loader:1617:12)
    at mod.require (C:\Users\Lenovo\Desktop\socratic-tutor-react\node_modules\next\dist\server\require-hook.js:65:28)
    at require (node:internal/modules/helpers:153:16)
    at requirePage (C:\Users\Lenovo\Desktop\socratic-tutor-react\node_modules\next\dist\server\require.js:109:84)
    at C:\Users\Lenovo\Desktop\socratic-tutor-react\node_modules\next\dist\server\load-components.js:103:84
    at async loadComponentsImpl (C:\Users\Lenovo\Desktop\socratic-tutor-react\node_modules\next\dist\server\load-components.js:103:26)
    at async DevServer.findPageComponentsImpl (C:\Users\Lenovo\Desktop\socratic-tutor-react\node_modules\next\dist\server\next-server.js:714:36)
    at async DevServer.findPageComponents (C:\Users\Lenovo\Desktop\socratic-tutor-react\node_modules\next\dist\server\dev\next-dev-server.js:577:20)
    at async DevServer.renderPageComponent (C:\Users\Lenovo\Desktop\socratic-tutor-react\node_modules\next\dist\server\base-server.js:1910:24)
    at async DevServer.renderToResponseImpl (C:\Users\Lenovo\Desktop\socratic-tutor-react\node_modules\next\dist\server\base-server.js:1962:32)
    at async DevServer.pipeImpl (C:\Users\Lenovo\Desktop\socratic-tutor-react\node_modules\next\dist\server\base-server.js:922:25)
    at async NextNodeServer.handleCatchallRenderRequest (C:\Users\Lenovo\Desktop\socratic-tutor-react\node_modules\next\dist\server\next-server.js:272:17)
    at async DevServer.handleRequestImpl (C:\Users\Lenovo\Desktop\socratic-tutor-react\node_modules\next\dist\server\base-server.js:818:17)
    at async C:\Users\Lenovo\Desktop\socratic-tutor-react\node_modules\next\dist\server\dev\next-dev-server.js:339:20
    at async Span.traceAsyncFn (C:\Users\Lenovo\Desktop\socratic-tutor-react\node_modules\next\dist\trace\trace.js:154:20)
    at async DevServer.handleRequest (C:\Users\Lenovo\Desktop\socratic-tutor-react\node_modules\next\dist\server\dev\next-dev-server.js:336:24)
    at async invokeRender (C:\Users\Lenovo\Desktop\socratic-tutor-react\node_modules\next\dist\server\lib\router-server.js:179:21)
    at async handleRequest (C:\Users\Lenovo\Desktop\socratic-tutor-react\node_modules\next\dist\server\lib\router-server.js:359:24)
    at async requestHandlerImpl (C:\Users\Lenovo\Desktop\socratic-tutor-react\node_modules\next\dist\server\lib\router-server.js:383:13)
    at async Server.requestListener (C:\Users\Lenovo\Desktop\socratic-tutor-react\node_modules\next\dist\server\lib\start-server.js:141:13) {
  code: 'MODULE_NOT_FOUND',
  requireStack: [
    'C:\\Users\\Lenovo\\Desktop\\socratic-tutor-react\\.next\\server\\webpack-runtime.js',
    'C:\\Users\\Lenovo\\Desktop\\socratic-tutor-react\\.next\\server\\app\\page.js',
    'C:\\Users\\Lenovo\\Desktop\\socratic-tutor-react\\node_modules\\next\\dist\\server\\require.js',
    'C:\\Users\\Lenovo\\Desktop\\socratic-tutor-react\\node_modules\\next\\dist\\server\\load-components.js',
    'C:\\Users\\Lenovo\\Desktop\\socratic-tutor-react\\node_modules\\next\\dist\\build\\utils.js',
    'C:\\Users\\Lenovo\\Desktop\\socratic-tutor-react\\node_modules\\next\\dist\\server\\dev\\hot-middleware.js',
    'C:\\Users\\Lenovo\\Desktop\\socratic-tutor-react\\node_modules\\next\\dist\\server\\dev\\hot-reloader-webpack.js',
    'C:\\Users\\Lenovo\\Desktop\\socratic-tutor-react\\node_modules\\next\\dist\\server\\lib\\router-utils\\setup-dev-bundler.js',
    'C:\\Users\\Lenovo\\Desktop\\socratic-tutor-react\\node_modules\\next\\dist\\server\\lib\\router-server.js',
    'C:\\Users\\Lenovo\\Desktop\\socratic-tutor-react\\node_modules\\next\\dist\\server\\lib\\start-server.js'
  ],
  page: '/login'
}
